112,2001,130,2400,13,,0
112,2001,130,2400,13,,0
112,2001,139,2400,12.74,,0.01
112,2001,139,2400,12.74,,0.01
112,2001,140,2400,12.72,,0.01
112,2001,140,2400,12.72,,0.01
112,2001,153,2400,13.12,,0
112,2001,153,2400,13.12,,0
112,2001,154,2400,13.14,,0.3
112,2001,154,2400,13.14,,0.3
112,2001,155,2400,13.09,,0
112,2001,155,2400,13.09,,0
112,2001,156,2400,13.09,,0
112,2001,156,2400,13.09,,0
112,2001,157,2400,13.12,,0.02
112,2001,157,2400,13.12,,0.02
112,2001,158,2400,13.14,,0.01
112,2001,158,2400,13.14,,0.01
112,2001,159,2400,13.26,,0.44
112,2001,159,2400,13.26,,0.44
112,2001,160,2400,13.19,,0.01
112,2001,160,2400,13.19,,0.01
112,2001,161,2400,13.16,,0
112,2001,161,2400,13.16,,0
112,2001,162,2400,13.15,,0
112,2001,162,2400,13.15,,0
112,2001,163,2400,13.14,,0
112,2001,163,2400,13.14,,0
112,2001,164,2400,13.22,,0.36
112,2001,164,2400,13.22,,0.36
112,2001,165,2400,13.2,,0.55
112,2001,165,2400,13.2,,0.55
112,2001,166,2400,13.11,,0.27
112,2001,166,2400,13.11,,0.27
112,2001,167,2400,13.11,,0.13
112,2001,167,2400,13.11,,0.13
112,2001,168,2400,13.15,,0
112,2001,168,2400,13.15,,0
112,2001,169,2400,13.16,,0
112,2001,169,2400,13.16,,0
112,2001,170,2400,13.21,,0
112,2001,170,2400,13.21,,0
112,2001,171,2400,13.14,,0
112,2001,171,2400,13.14,,0
112,2001,172,2400,13.14,,0
112,2001,172,2400,13.14,,0
112,2001,173,2400,13.18,,0.22
112,2001,173,2400,13.18,,0.22
112,2001,174,2400,13.14,,0
112,2001,174,2400,13.14,,0
112,2001,175,2400,13.14,,0.11
112,2001,175,2400,13.14,,0.11
112,2001,176,2400,13.21,,0
112,2001,176,2400,13.21,,0
112,2001,177,2400,13.14,,0
112,2001,177,2400,13.14,,0
112,2001,178,2400,13.12,,0
112,2001,178,2400,13.12,,0
112,2001,179,2400,13.11,,0
112,2001,179,2400,13.11,,0
112,2001,180,2400,13.1,,0
112,2001,180,2400,13.1,,0
112,2001,181,2400,13.12,,0
112,2001,181,2400,13.12,,0
112,2001,182,2400,13.14,,0.01
112,2001,182,2400,13.14,,0.01
112,2001,183,2400,13.1,,2.72
112,2001,183,2400,13.1,,2.72
112,2001,184,2400,13.2,,0.4
112,2001,184,2400,13.2,,0.4
112,2001,185,2400,13.14,,0.02
112,2001,185,2400,13.14,,0.02
112,2001,186,2400,13.11,,0.06
112,2001,186,2400,13.11,,0.06
112,2001,187,2400,13.14,,1.81
112,2001,187,2400,13.14,,1.81
112,2001,188,2400,13.18,,0
112,2001,188,2400,13.18,,0
112,2001,189,2400,13.21,,0.04
112,2001,189,2400,13.21,,0.04
112,2001,190,2400,13.07,,0
112,2001,190,2400,13.07,,0
112,2001,191,2400,13.11,,0
112,2001,191,2400,13.11,,0
112,2001,192,2400,13.09,,0.39
112,2001,192,2400,13.09,,0.39
112,2001,193,2400,13.17,,0.56
112,2001,193,2400,13.17,,0.56
112,2001,194,2400,13.25,,1.29
112,2001,194,2400,13.25,,1.29
112,2001,195,2400,13.13,,0
112,2001,195,2400,13.13,,0
112,2001,196,2400,13.14,,0
112,2001,196,2400,13.14,,0
112,2001,197,2400,13.12,,0
112,2001,197,2400,13.12,,0
112,2001,198,2400,13.13,,0
112,2001,198,2400,13.13,,0
112,2001,199,2400,13.12,,0
112,2001,199,2400,13.12,,0
112,2001,200,2400,13.13,,0.12
112,2001,200,2400,13.13,,0.12
112,2001,201,2400,13.18,,0
112,2001,201,2400,13.18,,0
112,2001,202,2400,13.19,,0
112,2001,202,2400,13.19,,0
112,2001,203,2400,13.16,,0.08
112,2001,203,2400,13.16,,0.08
112,2001,204,2400,13.22,,0.97
112,2001,204,2400,13.22,,0.97
112,2001,205,2400,13.15,,0.03
112,2001,205,2400,13.15,,0.03
112,2001,206,2400,13.15,,0
112,2001,206,2400,13.15,,0
112,2001,207,2400,13.16,,0.05
112,2001,207,2400,13.16,,0.05
112,2001,208,2400,13.18,,0.96
112,2001,208,2400,13.18,,0.96
111,2001,209,10,,,0
111,2001,209,20,,,0
111,2001,209,30,,,0
111,2001,209,40,,,0
111,2001,209,50,,,0
111,2001,209,100,,,0
111,2001,209,110,,,0
111,2001,209,120,,,0
111,2001,209,130,,,0
111,2001,209,140,,,0
111,2001,209,150,,,0
111,2001,209,200,,,0
111,2001,209,210,,,0
111,2001,209,220,,,0
111,2001,209,230,,,0.01
111,2001,209,240,,,0.04
111,2001,209,250,,,0.13
111,2001,209,300,,,0.15
111,2001,209,310,,,0.23
111,2001,209,320,,,0.1
111,2001,209,330,,,0
111,2001,209,340,,,0
111,2001,209,350,,,0
111,2001,209,400,,,0
111,2001,209,410,,,0
111,2001,209,420,,,0
111,2001,209,430,,,0.01
111,2001,209,440,,,0
111,2001,209,450,,,0
111,2001,209,500,,,0
111,2001,209,510,,,0
111,2001,209,520,,,0
111,2001,209,530,,,0
111,2001,209,540,,,0
111,2001,209,550,,,0
111,2001,209,600,,,0
111,2001,209,610,,,0
111,2001,209,620,,,0
111,2001,209,630,,,0
111,2001,209,640,,,0
111,2001,209,650,,,0
111,2001,209,700,,,0
111,2001,209,710,,,0
111,2001,209,720,,,0
111,2001,209,730,,,0
111,2001,209,740,,,0
111,2001,209,750,,,0
111,2001,209,800,,,0
111,2001,209,810,,,0
111,2001,209,820,,,0
111,2001,209,830,,,0
111,2001,209,840,,,0
111,2001,209,850,,,0
111,2001,209,900,,,0
111,2001,209,910,,,0
111,2001,209,920,,,0
111,2001,209,930,,,0
111,2001,209,940,,,0
111,2001,209,950,,,0
111,2001,209,1000,,,0
111,2001,209,1010,,,0
111,2001,209,1020,,,0
111,2001,209,1030,,,0
111,2001,209,1040,,,0
111,2001,209,1050,,,0
111,2001,209,1100,,,0
111,2001,209,1110,,,0
111,2001,209,1120,,,0
111,2001,209,1130,,,0
111,2001,209,1140,,,0
111,2001,209,1150,,,0
111,2001,209,1200,,,0
111,2001,209,1210,,,0
111,2001,209,1220,,,0
111,2001,209,1230,,,0
111,2001,209,1240,,,0
111,2001,209,1250,,,0
111,2001,209,1300,,,0
111,2001,209,1310,,,0
111,2001,209,1320,,,0
111,2001,209,1330,,,0
111,2001,209,1340,,,0
111,2001,209,1350,,,0
111,2001,209,1400,,,0
111,2001,209,1410,,,0
111,2001,209,1420,,,0
111,2001,209,1430,,,0
111,2001,209,1440,,,0
111,2001,209,1450,,,0
111,2001,209,1500,,,0
111,2001,209,1510,,,0
111,2001,209,1520,,,0
111,2001,209,1530,,,0
111,2001,209,1540,,,0
111,2001,209,1550,,,0
111,2001,209,1600,,,0
111,2001,209,1610,,,0
111,2001,209,1620,,,0
111,2001,209,1630,,,0
111,2001,209,1640,,,0
111,2001,209,1650,,,0
111,2001,209,1700,,,0
111,2001,209,1710,,,0
111,2001,209,1720,,,0
111,2001,209,1730,,,0
111,2001,209,1740,,,0
111,2001,209,1750,,,0
111,2001,209,1800,,,0
111,2001,209,1810,,,0
111,2001,209,1820,,,0
111,2001,209,1830,,,0
111,2001,209,1840,,,0
111,2001,209,1850,,,0
111,2001,209,1900,,,0
111,2001,209,1910,,,0
111,2001,209,1920,,,0
111,2001,209,1930,,,0
111,2001,209,1940,,,0
111,2001,209,1950,,,0
111,2001,209,2000,,,0
111,2001,209,2010,,,0
111,2001,209,2020,,,0
111,2001,209,2030,,,0
111,2001,209,2040,,,0
111,2001,209,2050,,,0
111,2001,209,2100,,,0
111,2001,209,2110,,,0
111,2001,209,2120,,,0
111,2001,209,2130,,,0
111,2001,209,2140,,,0
111,2001,209,2150,,,0
111,2001,209,2200,,,0
111,2001,209,2210,,,0
111,2001,209,2220,,,0
111,2001,209,2230,,,0
111,2001,209,2240,,,0
111,2001,209,2250,,,0
111,2001,209,2300,,,0
111,2001,209,2310,,,0
111,2001,209,2320,,,0
111,2001,209,2330,,,0
111,2001,209,2340,,,0
111,2001,209,2350,,,0
111,2001,209,2400,,,0
112,2001,209,2400,13.19,,0.67
112,2001,209,2400,13.19,,0.67
111,2001,210,10,,,0
111,2001,210,20,,,0
111,2001,210,30,,,0
111,2001,210,40,,,0
111,2001,210,50,,,0
111,2001,210,100,,,0
111,2001,210,110,,,0
111,2001,210,120,,,0
111,2001,210,130,,,0
111,2001,210,140,,,0
111,2001,210,150,,,0
111,2001,210,200,,,0
111,2001,210,210,,,0
111,2001,210,220,,,0
111,2001,210,230,,,0
111,2001,210,240,,,0
111,2001,210,250,,,0
111,2001,210,300,,,0
111,2001,210,310,,,0
111,2001,210,320,,,0
111,2001,210,330,,,0
111,2001,210,340,,,0
111,2001,210,350,,,0
111,2001,210,400,,,0
111,2001,210,410,,,0
111,2001,210,420,,,0
111,2001,210,430,,,0
111,2001,210,440,,,0
111,2001,210,450,,,0
111,2001,210,500,,,0
111,2001,210,510,,,0
111,2001,210,520,,,0
111,2001,210,530,,,0
111,2001,210,540,,,0
111,2001,210,550,,,0
111,2001,210,600,,,0
111,2001,210,610,,,0
111,2001,210,620,,,0
111,2001,210,630,,,0
111,2001,210,640,,,0
111,2001,210,650,,,0
111,2001,210,700,,,0
111,2001,210,710,,,0
111,2001,210,720,,,0
111,2001,210,730,,,0
111,2001,210,740,,,0
111,2001,210,750,,,0
111,2001,210,800,,,0
111,2001,210,810,,,0
111,2001,210,820,,,0
111,2001,210,830,,,0
111,2001,210,840,,,0
111,2001,210,850,,,0
111,2001,210,900,,,0
111,2001,210,910,,,0
111,2001,210,920,,,0
111,2001,210,930,,,0
111,2001,210,940,,,0
111,2001,210,950,,,0
111,2001,210,1000,,,0
111,2001,210,1010,,,0
111,2001,210,1020,,,0
111,2001,210,1030,,,0
111,2001,210,1040,,,0
111,2001,210,1050,,,0
111,2001,210,1100,,,0
111,2001,210,1110,,,0
111,2001,210,1120,,,0
111,2001,210,1130,,,0
111,2001,210,1140,,,0
111,2001,210,1150,,,0
111,2001,210,1200,,,0
111,2001,210,1210,,,0
111,2001,210,1220,,,0
111,2001,210,1230,,,0
111,2001,210,1240,,,0
111,2001,210,1250,,,0
111,2001,210,1300,,,0
111,2001,210,1310,,,0
111,2001,210,1320,,,0
111,2001,210,1330,,,0
111,2001,210,1340,,,0
111,2001,210,1350,,,0
111,2001,210,1400,,,0
111,2001,210,1410,,,0
111,2001,210,1420,,,0
111,2001,210,1430,,,0
111,2001,210,1440,,,0
111,2001,210,1450,,,0
111,2001,210,1500,,,0
111,2001,210,1510,,,0
111,2001,210,1520,,,0
111,2001,210,1530,,,0.03
111,2001,210,1540,,,0
111,2001,210,1550,,,0.14
111,2001,210,1600,,,0.03
111,2001,210,1610,,,0
111,2001,210,1620,,,0
111,2001,210,1630,,,0.03
111,2001,210,1640,,,0.02
111,2001,210,1650,,,0
111,2001,210,1700,,,0
111,2001,210,1710,,,0.05
111,2001,210,1720,,,0
111,2001,210,1730,,,0
111,2001,210,1740,,,0.02
111,2001,210,1750,,,0
111,2001,210,1800,,,0
111,2001,210,1810,,,0
111,2001,210,1820,,,0
111,2001,210,1830,,,0
111,2001,210,1840,,,0
111,2001,210,1850,,,0
111,2001,210,1900,,,0
111,2001,210,1910,,,0
111,2001,210,1920,,,0
111,2001,210,1930,,,0
111,2001,210,1940,,,0
111,2001,210,1950,,,0
111,2001,210,2000,,,0
111,2001,210,2010,,,0
111,2001,210,2020,,,0
111,2001,210,2030,,,0
111,2001,210,2040,,,0
111,2001,210,2050,,,0
111,2001,210,2100,,,0
111,2001,210,2110,,,0
111,2001,210,2120,,,0
111,2001,210,2130,,,0
111,2001,210,2140,,,0
111,2001,210,2150,,,0
111,2001,210,2200,,,0
111,2001,210,2210,,,0
111,2001,210,2220,,,0
111,2001,210,2230,,,0
111,2001,210,2240,,,0
111,2001,210,2250,,,0
111,2001,210,2300,,,0
111,2001,210,2310,,,0
111,2001,210,2320,,,0
111,2001,210,2330,,,0
111,2001,210,2340,,,0.01
111,2001,210,2350,,,0
111,2001,210,2400,,,0
112,2001,210,2400,13.15,,0.33
112,2001,210,2400,13.15,,0.33
111,2001,211,10,,,0
111,2001,211,20,,,0
111,2001,211,30,,,0
111,2001,211,40,,,0
111,2001,211,50,,,0
111,2001,211,100,,,0
111,2001,211,110,,,0
111,2001,211,120,,,0
111,2001,211,130,,,0
111,2001,211,140,,,0
111,2001,211,150,,,0
111,2001,211,200,,,0
111,2001,211,210,,,0
111,2001,211,220,,,0
111,2001,211,230,,,0
111,2001,211,240,,,0
111,2001,211,250,,,0
111,2001,211,300,,,0
111,2001,211,310,,,0
111,2001,211,320,,,0
111,2001,211,330,,,0
111,2001,211,340,,,0
111,2001,211,350,,,0
111,2001,211,400,,,0
111,2001,211,410,,,0
111,2001,211,420,,,0
111,2001,211,430,,,0
111,2001,211,440,,,0
111,2001,211,450,,,0
111,2001,211,500,,,0
111,2001,211,510,,,0
111,2001,211,520,,,0
111,2001,211,530,,,0
111,2001,211,540,,,0
111,2001,211,550,,,0
111,2001,211,600,,,0
111,2001,211,610,,,0
111,2001,211,620,,,0
111,2001,211,630,,,0
111,2001,211,640,,,0
111,2001,211,650,,,0
111,2001,211,700,,,0
111,2001,211,710,,,0
111,2001,211,720,,,0
111,2001,211,730,,,0
111,2001,211,740,,,0
111,2001,211,750,,,0
111,2001,211,800,,,0
111,2001,211,810,,,0
111,2001,211,820,,,0
111,2001,211,830,,,0
111,2001,211,840,,,0
111,2001,211,850,,,0
111,2001,211,900,,,0
111,2001,211,910,,,0
111,2001,211,920,,,0
111,2001,211,930,,,0
111,2001,211,940,,,0
111,2001,211,950,,,0
111,2001,211,1000,,,0
111,2001,211,1010,,,0
111,2001,211,1020,,,0
111,2001,211,1030,,,0
111,2001,211,1040,,,0
111,2001,211,1050,,,0
111,2001,211,1100,,,0
111,2001,211,1110,,,0
111,2001,211,1120,,,0
111,2001,211,1130,,,0
111,2001,211,1140,,,0
111,2001,211,1150,,,0
111,2001,211,1200,,,0
111,2001,211,1210,,,0
111,2001,211,1220,,,0
111,2001,211,1230,,,0
111,2001,211,1240,,,0
111,2001,211,1250,,,0
111,2001,211,1300,,,0
111,2001,211,1310,,,0
111,2001,211,1320,,,0
111,2001,211,1330,,,0
111,2001,211,1340,,,0
111,2001,211,1350,,,0
111,2001,211,1400,,,0
111,2001,211,1410,,,0
111,2001,211,1420,,,0
111,2001,211,1430,,,0
111,2001,211,1440,,,0
111,2001,211,1450,,,0
111,2001,211,1500,,,0
111,2001,211,1510,,,0
111,2001,211,1520,,,0
111,2001,211,1530,,,0
111,2001,211,1540,,,0
111,2001,211,1550,,,0
111,2001,211,1600,,,0
111,2001,211,1610,,,0
111,2001,211,1620,,,0
111,2001,211,1630,,,0
111,2001,211,1640,,,0
111,2001,211,1650,,,0
111,2001,211,1700,,,0
111,2001,211,1710,,,0
111,2001,211,1720,,,0
111,2001,211,1730,,,0
111,2001,211,1740,,,0
111,2001,211,1750,,,0
111,2001,211,1800,,,0
111,2001,211,1810,,,0
111,2001,211,1820,,,0
111,2001,211,1830,,,0
111,2001,211,1840,,,0
111,2001,211,1850,,,0
111,2001,211,1900,,,0
111,2001,211,1910,,,0
111,2001,211,1920,,,0
111,2001,211,1930,,,0
111,2001,211,1940,,,0
111,2001,211,1950,,,0
111,2001,211,2000,,,0
111,2001,211,2010,,,0
111,2001,211,2020,,,0
111,2001,211,2030,,,0
111,2001,211,2040,,,0
111,2001,211,2050,,,0
111,2001,211,2100,,,0
111,2001,211,2110,,,0
111,2001,211,2120,,,0
111,2001,211,2130,,,0
111,2001,211,2140,,,0
111,2001,211,2150,,,0
111,2001,211,2200,,,0
111,2001,211,2210,,,0
111,2001,211,2220,,,0
111,2001,211,2230,,,0
111,2001,211,2240,,,0
111,2001,211,2250,,,0
111,2001,211,2300,,,0
111,2001,211,2310,,,0
111,2001,211,2320,,,0
111,2001,211,2330,,,0
111,2001,211,2340,,,0
111,2001,211,2350,,,0
111,2001,211,2400,,,0
112,2001,211,2400,13.19,,0
112,2001,211,2400,13.19,,0
111,2001,212,10,,,0
111,2001,212,20,,,0
111,2001,212,30,,,0
111,2001,212,40,,,0
111,2001,212,50,,,0
111,2001,212,100,,,0
111,2001,212,110,,,0
111,2001,212,120,,,0
111,2001,212,130,,,0
111,2001,212,140,,,0
111,2001,212,150,,,0
111,2001,212,200,,,0
111,2001,212,210,,,0
111,2001,212,220,,,0
111,2001,212,230,,,0
111,2001,212,240,,,0
111,2001,212,250,,,0
111,2001,212,300,,,0
111,2001,212,310,,,0
111,2001,212,320,,,0
111,2001,212,330,,,0
111,2001,212,340,,,0
111,2001,212,350,,,0
111,2001,212,400,,,0
111,2001,212,410,,,0
111,2001,212,420,,,0
111,2001,212,430,,,0
111,2001,212,440,,,0
111,2001,212,450,,,0
111,2001,212,500,,,0
111,2001,212,510,,,0
111,2001,212,520,,,0
111,2001,212,530,,,0
111,2001,212,540,,,0
111,2001,212,550,,,0
111,2001,212,600,,,0
111,2001,212,610,,,0
111,2001,212,620,,,0
111,2001,212,630,,,0
111,2001,212,640,,,0
111,2001,212,650,,,0
111,2001,212,700,,,0
111,2001,212,710,,,0
111,2001,212,720,,,0
111,2001,212,730,,,0
111,2001,212,740,,,0
111,2001,212,750,,,0
111,2001,212,800,,,0
111,2001,212,810,,,0
111,2001,212,820,,,0
111,2001,212,830,,,0
111,2001,212,840,,,0
111,2001,212,850,,,0
111,2001,212,900,,,0
111,2001,212,910,,,0
111,2001,212,920,,,0
111,2001,212,930,,,0
111,2001,212,940,,,0
111,2001,212,950,,,0
111,2001,212,1000,,,0
111,2001,212,1010,,,0
111,2001,212,1020,,,0
111,2001,212,1030,,,0
111,2001,212,1040,,,0
111,2001,212,1050,,,0
111,2001,212,1100,,,0
111,2001,212,1110,,,0
111,2001,212,1120,,,0
111,2001,212,1130,,,0
111,2001,212,1140,,,0
111,2001,212,1150,,,0
111,2001,212,1200,,,0
111,2001,212,1210,,,0
111,2001,212,1220,,,0
111,2001,212,1230,,,0
111,2001,212,1240,,,0
111,2001,212,1250,,,0
111,2001,212,1300,,,0
111,2001,212,1310,,,0
111,2001,212,1320,,,0
111,2001,212,1330,,,0
111,2001,212,1340,,,0
111,2001,212,1350,,,0
111,2001,212,1400,,,0
111,2001,212,1410,,,0
111,2001,212,1420,,,0
111,2001,212,1430,,,0
111,2001,212,1440,,,0
111,2001,212,1450,,,0
111,2001,212,1500,,,0
111,2001,212,1510,,,0
111,2001,212,1520,,,0
111,2001,212,1530,,,0
111,2001,212,1540,,,0
111,2001,212,1550,,,0
111,2001,212,1600,,,0
111,2001,212,1610,,,0
111,2001,212,1620,,,0
111,2001,212,1630,,,0
111,2001,212,1640,,,0
111,2001,212,1650,,,0
111,2001,212,1700,,,0
111,2001,212,1710,,,0
111,2001,212,1720,,,0
111,2001,212,1730,,,0
111,2001,212,1740,,,0
111,2001,212,1750,,,0
111,2001,212,1800,,,0
111,2001,212,1810,,,0
111,2001,212,1820,,,0
111,2001,212,1830,,,0
111,2001,212,1840,,,0
111,2001,212,1850,,,0
111,2001,212,1900,,,0
111,2001,212,1910,,,0
111,2001,212,1920,,,0
111,2001,212,1930,,,0
111,2001,212,1940,,,0
111,2001,212,1950,,,0
111,2001,212,2000,,,0
111,2001,212,2010,,,0
111,2001,212,2020,,,0
111,2001,212,2030,,,0
111,2001,212,2040,,,0
111,2001,212,2050,,,0
111,2001,212,2100,,,0
111,2001,212,2110,,,0
111,2001,212,2120,,,0
111,2001,212,2130,,,0
111,2001,212,2140,,,0
111,2001,212,2150,,,0
111,2001,212,2200,,,0
111,2001,212,2210,,,0
111,2001,212,2220,,,0
111,2001,212,2230,,,0
111,2001,212,2240,,,0
111,2001,212,2250,,,0
111,2001,212,2300,,,0
111,2001,212,2310,,,0
111,2001,212,2320,0,,0
111,2001,212,2330,0,,0
111,2001,212,2340,0,,0
111,2001,212,2350,0,,0
111,2001,212,2400,0,,0
112,2001,212,2400,13.21,,0
112,2001,212,2400,13.21,,0
111,2001,213,10,0,,0
111,2001,213,20,0,,0
111,2001,213,30,0,,0
111,2001,213,40,0,,0
111,2001,213,50,0,,0
111,2001,213,100,0,,0
111,2001,213,110,,,0
111,2001,213,120,,,0
111,2001,213,130,,,0
111,2001,213,140,,,0
111,2001,213,150,,,0
111,2001,213,200,,,0
111,2001,213,210,,,0
111,2001,213,220,,,0
111,2001,213,230,,,0
111,2001,213,240,,,0
111,2001,213,250,,,0
111,2001,213,300,,,0
111,2001,213,310,,,0
111,2001,213,320,,,0
111,2001,213,330,,,0
111,2001,213,340,,,0
111,2001,213,350,,,0
111,2001,213,400,,,0
111,2001,213,410,,,0
111,2001,213,420,,,0
111,2001,213,430,,,0
111,2001,213,440,,,0
111,2001,213,450,,,0
111,2001,213,500,,,0
111,2001,213,510,,,0
111,2001,213,520,,,0
111,2001,213,530,,,0
111,2001,213,540,,,0
111,2001,213,550,,,0
111,2001,213,600,,,0
111,2001,213,610,,,0
111,2001,213,620,,,0
111,2001,213,630,,,0
111,2001,213,640,,,0
111,2001,213,650,,,0
111,2001,213,700,,,0
111,2001,213,710,,,0
111,2001,213,720,,,0
111,2001,213,730,,,0
111,2001,213,740,,,0
111,2001,213,750,,,0
111,2001,213,800,,,0
111,2001,213,810,,,0
111,2001,213,820,,,0
111,2001,213,830,,,0
111,2001,213,840,,,0
111,2001,213,850,,,0
111,2001,213,900,,,0
111,2001,213,910,,,0
111,2001,213,920,,,0
111,2001,213,930,,,0
111,2001,213,940,,,0
111,2001,213,950,,,0
111,2001,213,1000,,,0
111,2001,213,1010,,,0
111,2001,213,1020,,,0
111,2001,213,1030,,,0
111,2001,213,1040,,,0
111,2001,213,1050,,,0
111,2001,213,1100,,,0
111,2001,213,1110,,,0
111,2001,213,1120,,,0
111,2001,213,1130,,,0
111,2001,213,1140,,,0
111,2001,213,1150,,,0
111,2001,213,1200,,,0
111,2001,213,1210,,,0
111,2001,213,1220,,,0
111,2001,213,1230,,,0
111,2001,213,1240,,,0
111,2001,213,1250,,,0
111,2001,213,1300,,,0
111,2001,213,1310,,,0
111,2001,213,1320,,,0
111,2001,213,1330,,,0
111,2001,213,1340,,,0
111,2001,213,1350,,,0
111,2001,213,1400,,,0
111,2001,213,1410,,,0
111,2001,213,1420,,,0
111,2001,213,1430,,,0
111,2001,213,1440,,,0
111,2001,213,1450,,,0
111,2001,213,1500,,,0
111,2001,213,1510,,,0
111,2001,213,1520,,,0
111,2001,213,1530,,,0
111,2001,213,1540,,,0
111,2001,213,1550,,,0
111,2001,213,1600,,,0
111,2001,213,1610,,,0
111,2001,213,1620,,,0
111,2001,213,1630,,,0
111,2001,213,1640,,,0
111,2001,213,1650,,,0
111,2001,213,1700,,,0
111,2001,213,1710,,,0
111,2001,213,1720,,,0
111,2001,213,1730,,,0
111,2001,213,1740,,,0
111,2001,213,1750,,,0
111,2001,213,1800,,,0
111,2001,213,1810,,,0
111,2001,213,1820,,,0
111,2001,213,1830,,,0
111,2001,213,1840,,,0
111,2001,213,1850,,,0
111,2001,213,1900,,,0
111,2001,213,1910,,,0
111,2001,213,1920,,,0
111,2001,213,1930,,,0
111,2001,213,1940,,,0
111,2001,213,1950,,,0
111,2001,213,2000,,,0
111,2001,213,2010,,,0
111,2001,213,2020,,,0
111,2001,213,2030,,,0
111,2001,213,2040,,,0
111,2001,213,2050,,,0
111,2001,213,2100,,,0
111,2001,213,2110,,,0
111,2001,213,2120,,,0
111,2001,213,2130,,,0
111,2001,213,2140,,,0
111,2001,213,2150,,,0
111,2001,213,2200,,,0
111,2001,213,2210,,,0
111,2001,213,2220,,,0
111,2001,213,2230,,,0
111,2001,213,2240,,,0
111,2001,213,2250,,,0
111,2001,213,2300,,,0
111,2001,213,2310,,,0
111,2001,213,2320,,,0
111,2001,213,2330,,,0
111,2001,213,2340,,,0
111,2001,213,2350,,,0
111,2001,213,2400,,,0
112,2001,213,2400,13.19,,0
112,2001,213,2400,13.19,,0
111,2001,214,10,,,0
111,2001,214,20,,,0
111,2001,214,30,,,0
111,2001,214,40,,,0
111,2001,214,50,,,0
111,2001,214,100,,,0
111,2001,214,110,,,0
111,2001,214,120,,,0
111,2001,214,130,,,0
111,2001,214,140,,,0
111,2001,214,150,,,0
111,2001,214,200,,,0
111,2001,214,210,,,0
111,2001,214,220,,,0
111,2001,214,230,,,0
111,2001,214,240,,,0
111,2001,214,250,,,0
111,2001,214,300,,,0
111,2001,214,310,,,0
111,2001,214,320,,,0
111,2001,214,330,,,0
111,2001,214,340,,,0
111,2001,214,350,,,0
111,2001,214,400,,,0
111,2001,214,410,,,0
111,2001,214,420,,,0
111,2001,214,430,,,0
111,2001,214,440,,,0
111,2001,214,450,,,0
111,2001,214,500,,,0
111,2001,214,510,,,0
111,2001,214,520,,,0
111,2001,214,530,,,0
111,2001,214,540,,,0
111,2001,214,550,,,0
111,2001,214,600,,,0
111,2001,214,610,,,0
111,2001,214,620,,,0
111,2001,214,630,,,0
111,2001,214,640,,,0
111,2001,214,650,,,0
111,2001,214,700,,,0
111,2001,214,710,,,0
111,2001,214,720,,,0
111,2001,214,730,,,0
111,2001,214,740,,,0
111,2001,214,750,,,0
111,2001,214,800,,,0
111,2001,214,810,,,0
111,2001,214,820,,,0
111,2001,214,830,,,0
111,2001,214,840,,,0
111,2001,214,850,,,0
111,2001,214,900,,,0
111,2001,214,910,,,0
111,2001,214,920,,,0
111,2001,214,930,,,0
111,2001,214,940,,,0
111,2001,214,950,,,0
111,2001,214,1000,,,0
111,2001,214,1010,,,0
111,2001,214,1020,,,0
111,2001,214,1030,,,0
111,2001,214,1040,,,0
111,2001,214,1050,,,0
111,2001,214,1100,,,0
111,2001,214,1110,,,0
111,2001,214,1120,,,0
111,2001,214,1130,,,0
111,2001,214,1140,,,0
111,2001,214,1150,,,0
111,2001,214,1200,,,0
111,2001,214,1210,,,0
111,2001,214,1220,,,0
111,2001,214,1230,,,0
111,2001,214,1240,,,0
111,2001,214,1250,,,0
111,2001,214,1300,,,0
111,2001,214,1310,,,0
111,2001,214,1320,,,0
111,2001,214,1330,,,0
111,2001,214,1340,,,0
111,2001,214,1350,,,0
111,2001,214,1400,,,0
111,2001,214,1410,,,0
111,2001,214,1420,,,0
111,2001,214,1430,,,0
111,2001,214,1440,,,0
111,2001,214,1450,,,0
111,2001,214,1500,,,0
111,2001,214,1510,,,0
111,2001,214,1520,,,0
111,2001,214,1530,,,0
111,2001,214,1540,,,0
111,2001,214,1550,,,0
111,2001,214,1600,,,0
111,2001,214,1610,,,0
111,2001,214,1620,,,0
111,2001,214,1630,,,0
111,2001,214,1640,,,0
111,2001,214,1650,,,0
111,2001,214,1700,,,0
111,2001,214,1710,,,0
111,2001,214,1720,,,0
111,2001,214,1730,,,0
111,2001,214,1740,,,0
111,2001,214,1750,,,0
111,2001,214,1800,,,0
111,2001,214,1810,,,0
111,2001,214,1820,,,0
111,2001,214,1830,,,0
111,2001,214,1840,,,0
111,2001,214,1850,,,0
111,2001,214,1900,,,0
111,2001,214,1910,,,0
111,2001,214,1920,,,0
111,2001,214,1930,,,0
111,2001,214,1940,,,0
111,2001,214,1950,,,0
111,2001,214,2000,,,0
111,2001,214,2010,,,0
111,2001,214,2020,,,0
111,2001,214,2030,,,0
111,2001,214,2040,,,0
111,2001,214,2050,,,0
111,2001,214,2100,,,0
111,2001,214,2110,,,0
111,2001,214,2120,,,0
111,2001,214,2130,,,0
111,2001,214,2140,,,0
111,2001,214,2150,,,0
111,2001,214,2200,,,0
111,2001,214,2210,,,0
111,2001,214,2220,,,0
111,2001,214,2230,,,0
111,2001,214,2240,,,0
111,2001,214,2250,,,0
111,2001,214,2300,,,0
111,2001,214,2310,,,0
111,2001,214,2320,,,0
111,2001,214,2330,,,0
111,2001,214,2340,,,0
111,2001,214,2350,,,0
111,2001,214,2400,,,0
112,2001,214,2400,13.18,,0
112,2001,214,2400,13.18,,0
111,2001,215,10,,,0
111,2001,215,20,,,0
111,2001,215,30,,,0
111,2001,215,40,,,0
111,2001,215,50,,,0
111,2001,215,100,,,0
111,2001,215,110,,,0
111,2001,215,120,,,0
111,2001,215,130,,,0
111,2001,215,140,,,0
111,2001,215,150,,,0
111,2001,215,200,,,0
111,2001,215,210,,,0
111,2001,215,220,,,0
111,2001,215,230,,,0
111,2001,215,240,,,0
111,2001,215,250,,,0
111,2001,215,300,,,0
111,2001,215,310,,,0
111,2001,215,320,,,0
111,2001,215,330,,,0
111,2001,215,340,,,0
111,2001,215,350,,,0
111,2001,215,400,,,0
111,2001,215,410,,,0
111,2001,215,420,,,0
111,2001,215,430,,,0
111,2001,215,440,,,0
111,2001,215,450,,,0
111,2001,215,500,,,0
111,2001,215,510,,,0
111,2001,215,520,,,0
111,2001,215,530,,,0
111,2001,215,540,,,0
111,2001,215,550,,,0
111,2001,215,600,,,0
111,2001,215,610,,,0
111,2001,215,620,,,0
111,2001,215,630,,,0
111,2001,215,640,,,0
111,2001,215,650,,,0
111,2001,215,700,,,0
111,2001,215,710,,,0
111,2001,215,720,,,0
111,2001,215,730,,,0
111,2001,215,740,,,0
111,2001,215,750,,,0
111,2001,215,800,,,0
111,2001,215,810,,,0
111,2001,215,820,,,0
111,2001,215,830,,,0
111,2001,215,840,,,0
111,2001,215,850,,,0
111,2001,215,900,,,0
111,2001,215,910,,,0
111,2001,215,920,,,0
111,2001,215,930,,,0
111,2001,215,940,,,0
111,2001,215,950,,,0
111,2001,215,1000,,,0
111,2001,215,1010,,,0
111,2001,215,1020,,,0
111,2001,215,1030,,,0
111,2001,215,1040,,,0
111,2001,215,1050,,,0
111,2001,215,1100,,,0
111,2001,215,1110,,,0
111,2001,215,1120,,,0
111,2001,215,1130,,,0
111,2001,215,1140,,,0
111,2001,215,1150,,,0
111,2001,215,1200,,,0
111,2001,215,1210,,,0
111,2001,215,1220,,,0
111,2001,215,1230,,,0
111,2001,215,1240,,,0
111,2001,215,1250,,,0
111,2001,215,1300,,,0
111,2001,215,1310,,,0
111,2001,215,1320,,,0
111,2001,215,1330,,,0
111,2001,215,1340,,,0
111,2001,215,1350,,,0
111,2001,215,1400,,,0
111,2001,215,1410,,,0
111,2001,215,1420,,,0
111,2001,215,1430,,,0
111,2001,215,1440,,,0
111,2001,215,1450,,,0
111,2001,215,1500,,,0
111,2001,215,1510,,,0
111,2001,215,1520,,,0
111,2001,215,1530,,,0
111,2001,215,1540,,,0
111,2001,215,1550,,,0
111,2001,215,1600,,,0
111,2001,215,1610,,,0
111,2001,215,1620,,,0
111,2001,215,1630,,,0
111,2001,215,1640,,,0
111,2001,215,1650,,,0
111,2001,215,1700,,,0
111,2001,215,1710,,,0
111,2001,215,1720,,,0
111,2001,215,1730,,,0
111,2001,215,1740,,,0
111,2001,215,1750,,,0
111,2001,215,1800,,,0
111,2001,215,1810,,,0
111,2001,215,1820,,,0
111,2001,215,1830,,,0
111,2001,215,1840,,,0
111,2001,215,1850,,,0
111,2001,215,1900,,,0
111,2001,215,1910,,,0
111,2001,215,1920,,,0
111,2001,215,1930,,,0
111,2001,215,1940,,,0
111,2001,215,1950,,,0
111,2001,215,2000,,,0
111,2001,215,2010,,,0
111,2001,215,2020,,,0
111,2001,215,2030,,,0
111,2001,215,2040,,,0
111,2001,215,2050,,,0
111,2001,215,2100,,,0
111,2001,215,2110,,,0
111,2001,215,2120,,,0
111,2001,215,2130,,,0
111,2001,215,2140,,,0
111,2001,215,2150,,,0
111,2001,215,2200,,,0
111,2001,215,2210,,,0
111,2001,215,2220,,,0
111,2001,215,2230,,,0
111,2001,215,2240,,,0
111,2001,215,2250,,,0
111,2001,215,2300,,,0
111,2001,215,2310,,,0
111,2001,215,2320,,,0
111,2001,215,2330,,,0
111,2001,215,2340,,,0
111,2001,215,2350,,,0
111,2001,215,2400,,,0
112,2001,215,2400,13.18,,0
112,2001,215,2400,13.18,,0
111,2001,216,10,,,0
111,2001,216,20,,,0
111,2001,216,30,,,0
111,2001,216,40,,,0
111,2001,216,50,,,0
111,2001,216,100,,,0
111,2001,216,110,,,0
111,2001,216,120,,,0
111,2001,216,130,,,0
111,2001,216,140,,,0
111,2001,216,150,,,0
111,2001,216,200,,,0
111,2001,216,210,,,0
111,2001,216,220,,,0
111,2001,216,230,,,0
111,2001,216,240,,,0
111,2001,216,250,,,0
111,2001,216,300,,,0
111,2001,216,310,,,0
111,2001,216,320,,,0
111,2001,216,330,,,0
111,2001,216,340,,,0
111,2001,216,350,,,0
111,2001,216,400,,,0
111,2001,216,410,,,0
111,2001,216,420,,,0
111,2001,216,430,,,0
111,2001,216,440,,,0
111,2001,216,450,,,0
111,2001,216,500,,,0
111,2001,216,510,,,0
111,2001,216,520,,,0
111,2001,216,530,,,0
111,2001,216,540,,,0
111,2001,216,550,,,0
111,2001,216,600,,,0
111,2001,216,610,,,0
111,2001,216,620,,,0
111,2001,216,630,,,0
111,2001,216,640,,,0
111,2001,216,650,,,0
111,2001,216,700,,,0
111,2001,216,710,,,0
111,2001,216,720,,,0
111,2001,216,730,,,0
111,2001,216,740,,,0
111,2001,216,750,,,0
111,2001,216,800,,,0
111,2001,216,810,,,0
111,2001,216,820,,,0
111,2001,216,830,,,0
111,2001,216,840,,,0
111,2001,216,850,,,0
111,2001,216,900,,,0
111,2001,216,910,,,0
111,2001,216,920,,,0
111,2001,216,930,,,0
111,2001,216,940,,,0
111,2001,216,950,,,0
111,2001,216,1000,,,0
111,2001,216,1010,,,0
111,2001,216,1020,,,0
111,2001,216,1030,,,0
111,2001,216,1040,,,0
111,2001,216,1050,,,0
111,2001,216,1100,,,0
111,2001,216,1110,,,0
111,2001,216,1120,,,0
111,2001,216,1130,,,0
111,2001,216,1140,,,0
111,2001,216,1150,,,0
111,2001,216,1200,,,0
111,2001,216,1210,,,0
111,2001,216,1220,,,0
111,2001,216,1230,,,0
111,2001,216,1240,,,0
111,2001,216,1250,,,0
111,2001,216,1300,,,0
111,2001,216,1310,,,0
111,2001,216,1320,,,0
111,2001,216,1330,,,0
111,2001,216,1340,,,0
111,2001,216,1350,,,0
111,2001,216,1400,,,0
111,2001,216,1410,,,0
111,2001,216,1420,,,0
111,2001,216,1430,,,0
111,2001,216,1440,,,0
111,2001,216,1450,,,0
111,2001,216,1500,,,0
111,2001,216,1510,,,0
111,2001,216,1520,,,0
111,2001,216,1530,,,0
111,2001,216,1540,,,0
111,2001,216,1550,,,0
111,2001,216,1600,,,0
111,2001,216,1610,,,0
111,2001,216,1620,,,0
111,2001,216,1630,,,0
111,2001,216,1640,,,0
111,2001,216,1650,,,0
111,2001,216,1700,,,0
111,2001,216,1710,,,0
111,2001,216,1720,,,0
111,2001,216,1730,,,0
111,2001,216,1740,,,0
111,2001,216,1750,,,0
111,2001,216,1800,,,0
111,2001,216,1810,,,0
111,2001,216,1820,,,0
111,2001,216,1830,,,0
111,2001,216,1840,,,0
111,2001,216,1850,,,0
111,2001,216,1900,,,0
111,2001,216,1910,,,0
111,2001,216,1920,,,0
111,2001,216,1930,,,0
111,2001,216,1940,,,0
111,2001,216,1950,,,0
111,2001,216,2000,,,0
111,2001,216,2010,,,0
111,2001,216,2020,,,0
111,2001,216,2030,,,0
111,2001,216,2040,,,0
111,2001,216,2050,,,0
111,2001,216,2100,,,0
111,2001,216,2110,,,0
111,2001,216,2120,,,0
111,2001,216,2130,,,0
111,2001,216,2140,,,0
111,2001,216,2150,,,0
111,2001,216,2200,,,0
111,2001,216,2210,,,0
111,2001,216,2220,,,0
111,2001,216,2230,,,0
111,2001,216,2240,,,0
111,2001,216,2250,,,0
111,2001,216,2300,,,0
111,2001,216,2310,,,0
111,2001,216,2320,,,0
111,2001,216,2330,,,0
111,2001,216,2340,,,0
111,2001,216,2350,,,0
111,2001,216,2400,,,0
112,2001,216,2400,13.15,,0
112,2001,216,2400,13.15,,0
111,2001,217,10,,,0
111,2001,217,20,,,0
111,2001,217,30,,,0
111,2001,217,40,,,0
111,2001,217,50,,,0
111,2001,217,100,,,0
111,2001,217,110,,,0
111,2001,217,120,,,0
111,2001,217,130,,,0
111,2001,217,140,,,0
111,2001,217,150,,,0
111,2001,217,200,,,0
111,2001,217,210,,,0
111,2001,217,220,,,0
111,2001,217,230,,,0
111,2001,217,240,,,0
111,2001,217,250,,,0
111,2001,217,300,,,0
111,2001,217,310,,,0
111,2001,217,320,,,0
111,2001,217,330,,,0
111,2001,217,340,,,0
111,2001,217,350,,,0
111,2001,217,400,,,0
111,2001,217,410,,,0
111,2001,217,420,,,0
111,2001,217,430,,,0
111,2001,217,440,,,0
111,2001,217,450,,,0
111,2001,217,500,,,0
111,2001,217,510,,,0
111,2001,217,520,,,0
111,2001,217,530,,,0
111,2001,217,540,,,0
111,2001,217,550,,,0
111,2001,217,600,,,0
111,2001,217,610,,,0
111,2001,217,620,,,0
111,2001,217,630,,,0
111,2001,217,640,,,0
111,2001,217,650,,,0
111,2001,217,700,,,0
111,2001,217,710,,,0
111,2001,217,720,,,0
111,2001,217,730,,,0
111,2001,217,740,,,0
111,2001,217,750,,,0
111,2001,217,800,,,0
111,2001,217,810,,,0
111,2001,217,820,,,0
111,2001,217,830,,,0
111,2001,217,840,,,0
111,2001,217,850,,,0
111,2001,217,900,,,0
111,2001,217,910,,,0
111,2001,217,920,,,0
111,2001,217,930,,,0
111,2001,217,940,,,0
111,2001,217,950,,,0
111,2001,217,1000,,,0
111,2001,217,1010,,,0
111,2001,217,1020,,,0
111,2001,217,1030,,,0
111,2001,217,1040,,,0
111,2001,217,1050,,,0
111,2001,217,1100,,,0
111,2001,217,1110,,,0
111,2001,217,1120,,,0
111,2001,217,1130,,,0
111,2001,217,1140,,,0
111,2001,217,1150,,,0
111,2001,217,1200,,,0
111,2001,217,1210,,,0
111,2001,217,1220,,,0
111,2001,217,1230,,,0
111,2001,217,1240,,,0
111,2001,217,1250,,,0
111,2001,217,1300,,,0
111,2001,217,1310,,,0
111,2001,217,1320,,,0
111,2001,217,1330,,,0
111,2001,217,1340,,,0
111,2001,217,1350,,,0
111,2001,217,1400,,,0
111,2001,217,1410,,,0
111,2001,217,1420,,,0
111,2001,217,1430,,,0
111,2001,217,1440,,,0
111,2001,217,1450,,,0
111,2001,217,1500,,,0
111,2001,217,1510,,,0
111,2001,217,1520,,,0
111,2001,217,1530,,,0
111,2001,217,1540,,,0
111,2001,217,1550,,,0
111,2001,217,1600,,,0
111,2001,217,1610,,,0
111,2001,217,1620,,,0
111,2001,217,1630,,,0
111,2001,217,1640,,,0
111,2001,217,1650,,,0
111,2001,217,1700,,,0
111,2001,217,1710,,,0
111,2001,217,1720,,,0
111,2001,217,1730,,,0
111,2001,217,1740,,,0
111,2001,217,1750,,,0
111,2001,217,1800,,,0
111,2001,217,1810,,,0
111,2001,217,1820,,,0
111,2001,217,1830,,,0
111,2001,217,1840,,,0
111,2001,217,1850,,,0
111,2001,217,1900,,,0
111,2001,217,1910,,,0
111,2001,217,1920,,,0
111,2001,217,1930,,,0
111,2001,217,1940,,,0
111,2001,217,1950,,,0
111,2001,217,2000,,,0
111,2001,217,2010,,,0
111,2001,217,2020,,,0
111,2001,217,2030,,,0
111,2001,217,2040,,,0
111,2001,217,2050,,,0
111,2001,217,2100,,,0
111,2001,217,2110,,,0
111,2001,217,2120,,,0
111,2001,217,2130,,,0
111,2001,217,2140,,,0
111,2001,217,2150,,,0
111,2001,217,2200,,,0
111,2001,217,2210,,,0
111,2001,217,2220,,,0
111,2001,217,2230,,,0
111,2001,217,2240,,,0
111,2001,217,2250,,,0
111,2001,217,2300,,,0
111,2001,217,2310,,,0
111,2001,217,2320,,,0
111,2001,217,2330,,,0.18
111,2001,217,2340,,,0
111,2001,217,2350,,,0
111,2001,217,2400,,,0
112,2001,217,2400,13.16,,0
112,2001,217,2400,13.16,,0.18
111,2001,218,10,,,0
111,2001,218,20,,,0
111,2001,218,30,,,0
111,2001,218,40,,,0
111,2001,218,50,,,0
111,2001,218,100,,,0
111,2001,218,110,,,0
111,2001,218,120,,,0
111,2001,218,130,,,0
111,2001,218,140,,,0
111,2001,218,150,,,0
111,2001,218,200,,,0
111,2001,218,210,,,0
111,2001,218,220,,,0
111,2001,218,230,,,0
111,2001,218,240,,,0
111,2001,218,250,,,0
111,2001,218,300,,,0
111,2001,218,310,,,0
111,2001,218,320,,,0
111,2001,218,330,,,0
111,2001,218,340,,,0
111,2001,218,350,,,0
111,2001,218,400,,,0
111,2001,218,410,,,0
111,2001,218,420,,,0
111,2001,218,430,,,0
111,2001,218,440,,,0
111,2001,218,450,,,0
111,2001,218,500,,,0
111,2001,218,510,,,0
111,2001,218,520,,,0
111,2001,218,530,,,0
111,2001,218,540,,,0
111,2001,218,550,,,0
111,2001,218,600,,,0
111,2001,218,610,,,0
111,2001,218,620,,,0
111,2001,218,630,,,0
111,2001,218,640,,,0
111,2001,218,650,,,0
111,2001,218,700,,,0
111,2001,218,710,,,0
111,2001,218,720,,,0
111,2001,218,730,,,0
111,2001,218,740,,,0
111,2001,218,750,,,0
111,2001,218,800,,,0
111,2001,218,810,,,0
111,2001,218,820,,,0
111,2001,218,830,,,0
111,2001,218,840,,,0
111,2001,218,850,,,0
111,2001,218,900,,,0
111,2001,218,910,,,0
111,2001,218,920,,,0
111,2001,218,930,,,0
111,2001,218,940,,,0
111,2001,218,950,,,0
111,2001,218,1000,,,0
111,2001,218,1010,,,0
111,2001,218,1020,,,0
111,2001,218,1030,,,0
111,2001,218,1040,,,0
111,2001,218,1050,,,0
111,2001,218,1100,,,0
111,2001,218,1110,,,0
111,2001,218,1120,,,0
111,2001,218,1130,,,0
111,2001,218,1140,,,0
111,2001,218,1150,,,0
111,2001,218,1200,,,0
111,2001,218,1210,,,0
111,2001,218,1220,,,0
111,2001,218,1230,,,0
111,2001,218,1240,,,0
111,2001,218,1250,,,0
111,2001,218,1300,,,0
111,2001,218,1310,,,0
111,2001,218,1320,,,0
111,2001,218,1330,,,0
111,2001,218,1340,,,0
111,2001,218,1350,,,0
111,2001,218,1400,,,0
111,2001,218,1410,,,0
111,2001,218,1420,,,0
111,2001,218,1430,,,0
111,2001,218,1440,,,0
111,2001,218,1450,,,0
111,2001,218,1500,,,0
111,2001,218,1510,,,0
111,2001,218,1520,,,0
111,2001,218,1530,,,0
111,2001,218,1540,,,0
111,2001,218,1550,,,0
111,2001,218,1600,,,0
111,2001,218,1610,,,0
111,2001,218,1620,,,0
111,2001,218,1630,,,0
111,2001,218,1640,,,0
111,2001,218,1650,,,0
111,2001,218,1700,,,0
111,2001,218,1710,,,0.54
111,2001,218,1720,,,0.51
111,2001,218,1730,,,0.21
111,2001,218,1740,,,0.13
111,2001,218,1750,,,0.06
111,2001,218,1800,,,0.01
111,2001,218,1810,,,0
111,2001,218,1820,,,0
111,2001,218,1830,,,0
111,2001,218,1840,,,0
111,2001,218,1850,,,0
111,2001,218,1900,,,0
111,2001,218,1910,,,0
111,2001,218,1920,,,0
111,2001,218,1930,,,0
111,2001,218,1940,,,0
111,2001,218,1950,,,0
111,2001,218,2000,,,0
111,2001,218,2010,,,0
111,2001,218,2020,,,0
111,2001,218,2030,,,0
111,2001,218,2040,,,0
111,2001,218,2050,,,0
111,2001,218,2100,,,0
111,2001,218,2110,,,0
111,2001,218,2120,,,0
111,2001,218,2130,,,0
111,2001,218,2140,,,0
111,2001,218,2150,,,0
111,2001,218,2200,,,0
111,2001,218,2210,,,0
111,2001,218,2220,,,0
111,2001,218,2230,,,0
111,2001,218,2240,,,0
111,2001,218,2250,,,0
111,2001,218,2300,,,0
111,2001,218,2310,,,0
111,2001,218,2320,,,0
111,2001,218,2330,,,0
111,2001,218,2340,,,0
111,2001,218,2350,,,0
111,2001,218,2400,,,0
112,2001,218,2400,13,,0
112,2001,218,2400,13,,1.46
111,2001,219,10,,,0
111,2001,219,20,,,0
111,2001,219,30,,,0
111,2001,219,40,,,0
111,2001,219,50,,,0
111,2001,219,100,,,0
111,2001,219,110,,,0
111,2001,219,120,,,0
111,2001,219,130,,,0
111,2001,219,140,,,0
111,2001,219,150,,,0
111,2001,219,200,,,0
111,2001,219,210,,,0
111,2001,219,220,,,0
111,2001,219,230,,,0
111,2001,219,240,,,0
111,2001,219,250,,,0
111,2001,219,300,,,0
111,2001,219,310,,,0
111,2001,219,320,,,0
111,2001,219,330,,,0
111,2001,219,340,,,0
111,2001,219,350,,,0
111,2001,219,400,,,0
111,2001,219,410,,,0
111,2001,219,420,,,0
111,2001,219,430,,,0
111,2001,219,440,,,0
111,2001,219,450,,,0
111,2001,219,500,,,0
111,2001,219,510,,,0
111,2001,219,520,,,0
111,2001,219,530,,,0
111,2001,219,540,,,0
111,2001,219,550,,,0
111,2001,219,600,,,0
111,2001,219,610,,,0
111,2001,219,620,,,0
111,2001,219,630,,,0
111,2001,219,640,,,0
111,2001,219,650,,,0
111,2001,219,700,,,0
111,2001,219,710,,,0
111,2001,219,720,,,0
111,2001,219,730,,,0
111,2001,219,740,,,0
111,2001,219,750,,,0
111,2001,219,800,,,0
111,2001,219,810,,,0
111,2001,219,820,,,0
111,2001,219,830,,,0
111,2001,219,840,,,0
111,2001,219,850,,,0
111,2001,219,900,,,0
111,2001,219,910,,,0
111,2001,219,920,,,0
111,2001,219,930,,,0
111,2001,219,940,,,0
111,2001,219,950,,,0
111,2001,219,1000,,,0
111,2001,219,1010,,,0
111,2001,219,1020,,,0
111,2001,219,1030,,,0
111,2001,219,1040,,,0
111,2001,219,1050,,,0
111,2001,219,1100,,,0
111,2001,219,1110,,,0
111,2001,219,1120,,,0
111,2001,219,1130,,,0
111,2001,219,1140,,,0
111,2001,219,1150,,,0
111,2001,219,1200,,,0
111,2001,219,1210,,,0
111,2001,219,1220,,,0
111,2001,219,1230,,,0
111,2001,219,1240,,,0
111,2001,219,1250,,,0
111,2001,219,1300,,,0
111,2001,219,1310,,,0
111,2001,219,1320,,,0
111,2001,219,1330,,,0
111,2001,219,1340,,,0
111,2001,219,1350,,,0
111,2001,219,1400,,,0
111,2001,219,1410,,,0
111,2001,219,1420,,,0
111,2001,219,1430,,,0
111,2001,219,1440,,,0
111,2001,219,1450,,,0
111,2001,219,1500,,,0
111,2001,219,1510,,,0
111,2001,219,1520,,,0
111,2001,219,1530,,,0
111,2001,219,1540,,,0
111,2001,219,1550,,,0
111,2001,219,1600,,,0
111,2001,219,1610,,,0
111,2001,219,1620,,,0
111,2001,219,1630,,,0
111,2001,219,1640,,,0
111,2001,219,1650,,,0
111,2001,219,1700,,,0
111,2001,219,1710,,,0
111,2001,219,1720,,,0
111,2001,219,1730,,,0
111,2001,219,1740,,,0
111,2001,219,1750,,,0
111,2001,219,1800,,,0
111,2001,219,1810,,,0
111,2001,219,1820,,,0
111,2001,219,1830,,,0
111,2001,219,1840,,,0
111,2001,219,1850,,,0
111,2001,219,1900,,,0
111,2001,219,1910,,,0
111,2001,219,1920,,,0
111,2001,219,1930,,,0
111,2001,219,1940,,,0
111,2001,219,1950,,,0
111,2001,219,2000,,,0
111,2001,219,2010,,,0
111,2001,219,2020,,,0
111,2001,219,2030,,,0
111,2001,219,2040,,,0
111,2001,219,2050,,,0
111,2001,219,2100,,,0
111,2001,219,2110,,,0
111,2001,219,2120,,,0
111,2001,219,2130,,,0
111,2001,219,2140,,,0
111,2001,219,2150,,,0
111,2001,219,2200,,,0
111,2001,219,2210,,,0
111,2001,219,2220,,,0
111,2001,219,2230,,,0
111,2001,219,2240,,,0
111,2001,219,2250,,,0
111,2001,219,2300,,,0
111,2001,219,2310,,,0
111,2001,219,2320,,,0
111,2001,219,2330,,,0
111,2001,219,2340,,,0
111,2001,219,2350,,,0
111,2001,219,2400,,,0
112,2001,219,2400,13.11,,0
112,2001,219,2400,13.11,,0
111,2001,220,10,,,0
111,2001,220,20,,,0
111,2001,220,30,,,0
111,2001,220,40,,,0
111,2001,220,50,,,0
111,2001,220,100,,,0
111,2001,220,110,,,0
111,2001,220,120,,,0
111,2001,220,130,,,0
111,2001,220,140,,,0
111,2001,220,150,,,0
111,2001,220,200,,,0
111,2001,220,210,,,0
111,2001,220,220,,,0
111,2001,220,230,,,0
111,2001,220,240,,,0
111,2001,220,250,,,0
111,2001,220,300,,,0
111,2001,220,310,,,0
111,2001,220,320,,,0
111,2001,220,330,,,0
111,2001,220,340,,,0
111,2001,220,350,,,0
111,2001,220,400,,,0
111,2001,220,410,,,0
111,2001,220,420,,,0
111,2001,220,430,,,0
111,2001,220,440,,,0
111,2001,220,450,,,0
111,2001,220,500,,,0
111,2001,220,510,,,0
111,2001,220,520,,,0
111,2001,220,530,,,0
111,2001,220,540,,,0
111,2001,220,550,,,0
111,2001,220,600,,,0
111,2001,220,610,,,0
111,2001,220,620,,,0
111,2001,220,630,,,0
111,2001,220,640,,,0
111,2001,220,650,,,0
111,2001,220,700,,,0
111,2001,220,710,,,0
111,2001,220,720,,,0
111,2001,220,730,,,0
111,2001,220,740,,,0
111,2001,220,750,,,0
111,2001,220,800,,,0
111,2001,220,810,,,0
111,2001,220,820,,,0
111,2001,220,830,,,0
111,2001,220,840,,,0
111,2001,220,850,,,0
111,2001,220,900,,,0
111,2001,220,910,,,0
111,2001,220,920,,,0
111,2001,220,930,,,0
111,2001,220,940,,,0
111,2001,220,950,,,0
111,2001,220,1000,,,0
111,2001,220,1010,,,0
111,2001,220,1020,,,0
111,2001,220,1030,,,0
111,2001,220,1040,,,0
111,2001,220,1050,,,0
111,2001,220,1100,,,0
111,2001,220,1110,,,0
111,2001,220,1120,,,0
111,2001,220,1130,,,0
111,2001,220,1140,,,0
111,2001,220,1150,,,0
111,2001,220,1200,,,0
111,2001,220,1210,,,0
111,2001,220,1220,,,0
111,2001,220,1230,,,0
111,2001,220,1240,,,0
111,2001,220,1250,,,0
111,2001,220,1300,,,0
111,2001,220,1310,,,0
111,2001,220,1320,,,0
111,2001,220,1330,,,0
111,2001,220,1340,,,0
111,2001,220,1350,,,0
111,2001,220,1400,,,0
111,2001,220,1410,,,0
111,2001,220,1420,,,0
111,2001,220,1430,,,0
111,2001,220,1440,,,0
111,2001,220,1450,,,0
111,2001,220,1500,,,0
111,2001,220,1510,,,0
111,2001,220,1520,,,0
111,2001,220,1530,,,0
111,2001,220,1540,,,0
111,2001,220,1550,,,0
111,2001,220,1600,,,0
111,2001,220,1610,,,0
111,2001,220,1620,,,0
111,2001,220,1630,,,0
111,2001,220,1640,,,0
111,2001,220,1650,,,0
111,2001,220,1700,,,0
111,2001,220,1710,,,0
111,2001,220,1720,,,0
111,2001,220,1730,,,0
111,2001,220,1740,,,0
111,2001,220,1750,,,0
111,2001,220,1800,,,0
111,2001,220,1810,,,0
111,2001,220,1820,,,0
111,2001,220,1830,,,0
111,2001,220,1840,,,0
111,2001,220,1850,,,0
111,2001,220,1900,,,0
111,2001,220,1910,,,0
111,2001,220,1920,,,0
111,2001,220,1930,,,0
111,2001,220,1940,,,0
111,2001,220,1950,,,0
111,2001,220,2000,,,0
111,2001,220,2010,,,0
111,2001,220,2020,,,0
111,2001,220,2030,,,0
111,2001,220,2040,,,0
111,2001,220,2050,,,0
111,2001,220,2100,,,0
111,2001,220,2110,,,0
111,2001,220,2120,,,0
111,2001,220,2130,,,0
111,2001,220,2140,,,0
111,2001,220,2150,,,0
111,2001,220,2200,,,0
111,2001,220,2210,,,0
111,2001,220,2220,,,0
111,2001,220,2230,,,0
111,2001,220,2240,,,0
111,2001,220,2250,,,0
111,2001,220,2300,,,0
111,2001,220,2310,,,0
111,2001,220,2320,,,0
111,2001,220,2330,,,0
111,2001,220,2340,,,0
111,2001,220,2350,,,0
111,2001,220,2400,,,0
112,2001,220,2400,13.09,,0
112,2001,220,2400,13.09,,0
111,2001,221,10,,,0
111,2001,221,20,,,0
111,2001,221,30,,,0
111,2001,221,40,,,0
111,2001,221,50,,,0
111,2001,221,100,,,0
111,2001,221,110,,,0
111,2001,221,120,,,0
111,2001,221,130,,,0
111,2001,221,140,,,0
111,2001,221,150,,,0
111,2001,221,200,,,0
111,2001,221,210,,,0
111,2001,221,220,,,0
111,2001,221,230,,,0
111,2001,221,240,,,0
111,2001,221,250,,,0
111,2001,221,300,,,0
111,2001,221,310,,,0
111,2001,221,320,,,0
111,2001,221,330,,,0
111,2001,221,340,,,0
111,2001,221,350,,,0
111,2001,221,400,,,0
111,2001,221,410,,,0
111,2001,221,420,,,0
111,2001,221,430,,,0
111,2001,221,440,,,0
111,2001,221,450,,,0
111,2001,221,500,,,0
111,2001,221,510,,,0
111,2001,221,520,,,0
111,2001,221,530,,,0
111,2001,221,540,,,0
111,2001,221,550,,,0
111,2001,221,600,,,0
111,2001,221,610,,,0
111,2001,221,620,,,0
111,2001,221,630,,,0
111,2001,221,640,,,0
111,2001,221,650,,,0
111,2001,221,700,,,0
111,2001,221,710,,,0
111,2001,221,720,,,0
111,2001,221,730,,,0
111,2001,221,740,,,0
111,2001,221,750,,,0
111,2001,221,800,,,0
111,2001,221,810,,,0
111,2001,221,820,,,0
111,2001,221,830,,,0
111,2001,221,840,,,0
111,2001,221,850,,,0
111,2001,221,900,,,0
111,2001,221,910,,,0
111,2001,221,920,,,0
111,2001,221,930,,,0
111,2001,221,940,,,0
111,2001,221,950,,,0
111,2001,221,1000,,,0
111,2001,221,1010,,,0
111,2001,221,1020,,,0
111,2001,221,1030,,,0
111,2001,221,1040,,,0
111,2001,221,1050,,,0
111,2001,221,1100,,,0
111,2001,221,1110,,,0
111,2001,221,1120,,,0
111,2001,221,1130,,,0
111,2001,221,1140,,,0
111,2001,221,1150,,,0
111,2001,221,1200,,,0
111,2001,221,1210,,,0
111,2001,221,1220,,,0
111,2001,221,1230,,,0
111,2001,221,1240,,,0
111,2001,221,1250,,,0
111,2001,221,1300,,,0
111,2001,221,1310,,,0
111,2001,221,1320,,,0
111,2001,221,1330,,,0
111,2001,221,1340,,,0
111,2001,221,1350,,,0
111,2001,221,1400,,,0
111,2001,221,1410,,,0
111,2001,221,1420,,,0
111,2001,221,1430,,,0
111,2001,221,1440,,,0
111,2001,221,1450,,,0
111,2001,221,1500,,,0
111,2001,221,1510,,,0
111,2001,221,1520,,,0
111,2001,221,1530,,,0
111,2001,221,1540,,,0
111,2001,221,1550,,,0
111,2001,221,1600,,,0
111,2001,221,1610,,,0
111,2001,221,1620,,,0
111,2001,221,1630,,,0
111,2001,221,1640,,,0
111,2001,221,1650,,,0
111,2001,221,1700,,,0
111,2001,221,1710,,,0
111,2001,221,1720,,,0
111,2001,221,1730,,,0
111,2001,221,1740,,,0
111,2001,221,1750,,,0
111,2001,221,1800,,,0
111,2001,221,1810,,,0
111,2001,221,1820,,,0
111,2001,221,1830,,,0
111,2001,221,1840,,,0
111,2001,221,1850,,,0
111,2001,221,1900,,,0
111,2001,221,1910,,,0
111,2001,221,1920,,,0
111,2001,221,1930,,,0
111,2001,221,1940,,,0
111,2001,221,1950,,,0
111,2001,221,2000,,,0
111,2001,221,2010,,,0
111,2001,221,2020,,,0
111,2001,221,2030,,,0
111,2001,221,2040,,,0
111,2001,221,2050,,,0
111,2001,221,2100,,,0
111,2001,221,2110,,,0
111,2001,221,2120,,,0
111,2001,221,2130,,,0
111,2001,221,2140,,,0
111,2001,221,2150,,,0
111,2001,221,2200,,,0
111,2001,221,2210,,,0
111,2001,221,2220,,,0
111,2001,221,2230,,,0
111,2001,221,2240,,,0
111,2001,221,2250,,,0
111,2001,221,2300,,,0
111,2001,221,2310,,,0
111,2001,221,2320,,,0
111,2001,221,2330,,,0
111,2001,221,2340,,,0
111,2001,221,2350,,,0
111,2001,221,2400,,,0
112,2001,221,2400,13.09,,0
112,2001,221,2400,13.09,,0
111,2001,222,10,,,0
111,2001,222,20,,,0
111,2001,222,30,,,0
111,2001,222,40,,,0
111,2001,222,50,,,0
111,2001,222,100,,,0
111,2001,222,110,,,0
111,2001,222,120,,,0
111,2001,222,130,,,0
111,2001,222,140,,,0
111,2001,222,150,,,0
111,2001,222,200,,,0
111,2001,222,210,,,0
111,2001,222,220,,,0
111,2001,222,230,,,0
111,2001,222,240,,,0
111,2001,222,250,,,0
111,2001,222,300,,,0
111,2001,222,310,,,0
111,2001,222,320,,,0
111,2001,222,330,,,0
111,2001,222,340,,,0
111,2001,222,350,,,0
111,2001,222,400,,,0
111,2001,222,410,,,0
111,2001,222,420,,,0
111,2001,222,430,,,0
111,2001,222,440,,,0
111,2001,222,450,,,0
111,2001,222,500,,,0
111,2001,222,510,,,0
111,2001,222,520,,,0
111,2001,222,530,,,0
111,2001,222,540,,,0
111,2001,222,550,,,0
111,2001,222,600,,,0
111,2001,222,610,,,0
111,2001,222,620,,,0
111,2001,222,630,,,0
111,2001,222,640,,,0
111,2001,222,650,,,0
111,2001,222,700,,,0
111,2001,222,710,,,0
111,2001,222,720,,,0
111,2001,222,730,,,0
111,2001,222,740,,,0
111,2001,222,750,,,0
111,2001,222,800,,,0
111,2001,222,810,,,0
111,2001,222,820,,,0
111,2001,222,830,,,0
111,2001,222,840,,,0
111,2001,222,850,,,0
111,2001,222,900,,,0
111,2001,222,910,,,0
111,2001,222,920,,,0
111,2001,222,930,,,0
111,2001,222,940,,,0
111,2001,222,950,,,0
111,2001,222,1000,,,0
111,2001,222,1010,,,0
111,2001,222,1020,,,0
111,2001,222,1030,,,0
111,2001,222,1040,,,0
111,2001,222,1050,,,0
111,2001,222,1100,,,0
111,2001,222,1110,,,0
111,2001,222,1120,,,0
111,2001,222,1130,,,0
111,2001,222,1140,,,0
111,2001,222,1150,,,0
111,2001,222,1200,,,0
111,2001,222,1210,,,0
111,2001,222,1220,,,0
111,2001,222,1230,,,0
111,2001,222,1240,,,0
111,2001,222,1250,,,0
111,2001,222,1300,,,0
111,2001,222,1310,,,0
111,2001,222,1320,,,0
111,2001,222,1330,,,0
111,2001,222,1340,,,0
111,2001,222,1350,,,0
111,2001,222,1400,,,0
111,2001,222,1410,,,0
111,2001,222,1420,,,0
111,2001,222,1430,,,0
111,2001,222,1440,,,0
111,2001,222,1450,,,0
111,2001,222,1500,,,0
111,2001,222,1510,,,0
111,2001,222,1520,,,0
111,2001,222,1530,,,0
111,2001,222,1540,,,0
111,2001,222,1550,,,0
111,2001,222,1600,,,0
111,2001,222,1610,,,0
111,2001,222,1620,,,0
111,2001,222,1630,,,0
111,2001,222,1640,,,0
111,2001,222,1650,,,0
111,2001,222,1700,,,0
111,2001,222,1710,,,0
111,2001,222,1720,,,0
111,2001,222,1730,,,0
111,2001,222,1740,,,0
111,2001,222,1750,,,0
111,2001,222,1800,,,0
111,2001,222,1810,,,0
111,2001,222,1820,,,0
111,2001,222,1830,,,0
111,2001,222,1840,,,0
111,2001,222,1850,,,0
111,2001,222,1900,,,0
111,2001,222,1910,,,0
111,2001,222,1920,,,0
111,2001,222,1930,,,0
111,2001,222,1940,,,0
111,2001,222,1950,,,0
111,2001,222,2000,,,0
111,2001,222,2010,,,0
111,2001,222,2020,,,0
111,2001,222,2030,,,0
111,2001,222,2040,,,0
111,2001,222,2050,,,0
111,2001,222,2100,,,0
111,2001,222,2110,,,0
111,2001,222,2120,,,0
111,2001,222,2130,,,0
111,2001,222,2140,,,0
111,2001,222,2150,,,0
111,2001,222,2200,,,0
111,2001,222,2210,,,0
111,2001,222,2220,,,0
111,2001,222,2230,,,0
111,2001,222,2240,,,0
111,2001,222,2250,,,0
111,2001,222,2300,,,0
111,2001,222,2310,,,0
111,2001,222,2320,,,0
111,2001,222,2330,,,0
111,2001,222,2340,,,0
111,2001,222,2350,,,0
111,2001,222,2400,,,0
112,2001,222,2400,13.11,,0
112,2001,222,2400,13.11,,0
111,2001,223,10,,,0
111,2001,223,20,,,0
111,2001,223,30,,,0
111,2001,223,40,,,0
111,2001,223,50,,,0
111,2001,223,100,,,0
111,2001,223,110,,,0
111,2001,223,120,,,0
111,2001,223,130,,,0
111,2001,223,140,,,0
111,2001,223,150,,,0
111,2001,223,200,,,0
111,2001,223,210,,,0
111,2001,223,220,,,0
111,2001,223,230,,,0
111,2001,223,240,,,0
111,2001,223,250,,,0
111,2001,223,300,,,0
111,2001,223,310,,,0
111,2001,223,320,,,0
111,2001,223,330,,,0
111,2001,223,340,,,0
111,2001,223,350,,,0
111,2001,223,400,,,0
111,2001,223,410,,,0
111,2001,223,420,,,0
111,2001,223,430,,,0
111,2001,223,440,,,0
111,2001,223,450,,,0
111,2001,223,500,,,0
111,2001,223,510,,,0
111,2001,223,520,,,0
111,2001,223,530,,,0
111,2001,223,540,,,0
111,2001,223,550,,,0
111,2001,223,600,,,0
111,2001,223,610,,,0
111,2001,223,620,,,0
111,2001,223,630,,,0
111,2001,223,640,,,0
111,2001,223,650,,,0
111,2001,223,700,,,0
111,2001,223,710,,,0
111,2001,223,720,,,0
111,2001,223,730,,,0
111,2001,223,740,,,0
111,2001,223,750,,,0
111,2001,223,800,,,0
111,2001,223,810,,,0
111,2001,223,820,,,0
111,2001,223,830,,,0
111,2001,223,840,,,0
111,2001,223,850,,,0
111,2001,223,900,,,0
111,2001,223,910,,,0
111,2001,223,920,,,0
111,2001,223,930,,,0
111,2001,223,940,,,0
111,2001,223,950,,,0
111,2001,223,1000,,,0
111,2001,223,1010,,,0
111,2001,223,1020,,,0
111,2001,223,1030,,,0
111,2001,223,1040,,,0
111,2001,223,1050,,,0
111,2001,223,1100,,,0
111,2001,223,1110,,,0
111,2001,223,1120,,,0
111,2001,223,1130,,,0
111,2001,223,1140,,,0
111,2001,223,1150,,,0
111,2001,223,1200,,,0
111,2001,223,1210,,,0
111,2001,223,1220,,,0
111,2001,223,1230,,,0
111,2001,223,1240,,,0
111,2001,223,1250,,,0
111,2001,223,1300,,,0
111,2001,223,1310,,,0
111,2001,223,1320,,,0
111,2001,223,1330,,,0
111,2001,223,1340,,,0
111,2001,223,1350,,,0
111,2001,223,1400,,,0
111,2001,223,1410,,,0
111,2001,223,1420,,,0
111,2001,223,1430,,,0
111,2001,223,1440,,,0
111,2001,223,1450,,,0
111,2001,223,1500,,,0
111,2001,223,1510,,,0
111,2001,223,1520,,,0
111,2001,223,1530,,,0
111,2001,223,1540,,,0
111,2001,223,1550,,,0
111,2001,223,1600,,,0
111,2001,223,1610,,,0
111,2001,223,1620,,,0
111,2001,223,1630,,,0
111,2001,223,1640,,,0
111,2001,223,1650,,,0
111,2001,223,1700,,,0
111,2001,223,1710,,,0
111,2001,223,1720,,,0
111,2001,223,1730,,,0
111,2001,223,1740,,,0
111,2001,223,1750,,,0
111,2001,223,1800,,,0
111,2001,223,1810,,,0
111,2001,223,1820,,,0
111,2001,223,1830,,,0
111,2001,223,1840,,,0
111,2001,223,1850,,,0
111,2001,223,1900,,,0
111,2001,223,1910,,,0
111,2001,223,1920,,,0
111,2001,223,1930,,,0
111,2001,223,1940,,,0
111,2001,223,1950,,,0
111,2001,223,2000,,,0
111,2001,223,2010,,,0
111,2001,223,2020,,,0
111,2001,223,2030,,,0
111,2001,223,2040,,,0
111,2001,223,2050,,,0
111,2001,223,2100,,,0
111,2001,223,2110,,,0
111,2001,223,2120,,,0
111,2001,223,2130,,,0
111,2001,223,2140,,,0
111,2001,223,2150,,,0
111,2001,223,2200,,,0
111,2001,223,2210,,,0
111,2001,223,2220,,,0
111,2001,223,2230,,,0
111,2001,223,2240,,,0
111,2001,223,2250,,,0
111,2001,223,2300,,,0
111,2001,223,2310,,,0
111,2001,223,2320,,,0
111,2001,223,2330,,,0
111,2001,223,2340,,,0
111,2001,223,2350,,,0
111,2001,223,2400,,,0
112,2001,223,2400,13.12,,0
112,2001,223,2400,13.12,,0
111,2001,224,10,,,0
111,2001,224,20,,,0
111,2001,224,30,,,0
111,2001,224,40,,,0
111,2001,224,50,,,0
111,2001,224,100,,,0
111,2001,224,110,,,0
111,2001,224,120,,,0
111,2001,224,130,,,0
111,2001,224,140,,,0
111,2001,224,150,,,0
111,2001,224,200,,,0
111,2001,224,210,,,0
111,2001,224,220,,,0
111,2001,224,230,,,0
111,2001,224,240,,,0
111,2001,224,250,,,0
111,2001,224,300,,,0
111,2001,224,310,,,0
111,2001,224,320,,,0
111,2001,224,330,,,0
111,2001,224,340,,,0
111,2001,224,350,,,0
111,2001,224,400,,,0
111,2001,224,410,,,0
111,2001,224,420,,,0
111,2001,224,430,,,0
111,2001,224,440,,,0
111,2001,224,450,,,0
111,2001,224,500,,,0
111,2001,224,510,,,0
111,2001,224,520,,,0
111,2001,224,530,,,0
111,2001,224,540,,,0
111,2001,224,550,,,0
111,2001,224,600,,,0
111,2001,224,610,,,0
111,2001,224,620,,,0
111,2001,224,630,,,0
111,2001,224,640,,,0
111,2001,224,650,,,0
111,2001,224,700,,,0
111,2001,224,710,,,0
111,2001,224,720,,,0
111,2001,224,730,,,0
111,2001,224,740,,,0
111,2001,224,750,,,0
111,2001,224,800,,,0
111,2001,224,810,,,0
111,2001,224,820,,,0
111,2001,224,830,,,0
111,2001,224,840,,,0
111,2001,224,850,,,0
111,2001,224,900,,,0
111,2001,224,910,,,0
111,2001,224,920,,,0
111,2001,224,930,,,0
111,2001,224,940,,,0
111,2001,224,950,,,0
111,2001,224,1000,,,0
111,2001,224,1010,,,0
111,2001,224,1020,,,0
111,2001,224,1030,,,0
111,2001,224,1040,,,0
111,2001,224,1050,,,0
111,2001,224,1100,,,0
111,2001,224,1110,,,0
111,2001,224,1120,,,0
111,2001,224,1130,,,0
111,2001,224,1140,,,0
111,2001,224,1150,,,0
111,2001,224,1200,,,0
111,2001,224,1210,,,0
111,2001,224,1220,,,0
111,2001,224,1230,,,0
111,2001,224,1240,,,0
111,2001,224,1250,,,0
111,2001,224,1300,,,0
111,2001,224,1310,,,0
111,2001,224,1320,,,0
111,2001,224,1330,,,0
111,2001,224,1340,,,0
111,2001,224,1350,,,0
111,2001,224,1400,,,0
111,2001,224,1410,,,0
111,2001,224,1420,,,0
111,2001,224,1430,,,0
111,2001,224,1440,,,0
111,2001,224,1450,,,0
111,2001,224,1500,,,0
111,2001,224,1510,,,0
111,2001,224,1520,,,0
111,2001,224,1530,,,0
111,2001,224,1540,,,0
111,2001,224,1550,,,0
111,2001,224,1600,,,0
111,2001,224,1610,,,0
111,2001,224,1620,,,0
111,2001,224,1630,,,0
111,2001,224,1640,,,0
111,2001,224,1650,,,0
111,2001,224,1700,,,0
111,2001,224,1710,,,0
111,2001,224,1720,,,0
111,2001,224,1730,,,0
111,2001,224,1740,,,0
111,2001,224,1750,,,0
111,2001,224,1800,,,0
111,2001,224,1810,,,0
111,2001,224,1820,,,0
111,2001,224,1830,,,0
111,2001,224,1840,,,0
111,2001,224,1850,,,0
111,2001,224,1900,,,0
111,2001,224,1910,,,0
111,2001,224,1920,,,0
111,2001,224,1930,,,0
111,2001,224,1940,,,0
111,2001,224,1950,,,0
111,2001,224,2000,,,0
111,2001,224,2010,,,0
111,2001,224,2020,,,0
111,2001,224,2030,,,0
111,2001,224,2040,,,0
111,2001,224,2050,,,0
111,2001,224,2100,,,0
111,2001,224,2110,,,0
111,2001,224,2120,,,0
111,2001,224,2130,,,0
111,2001,224,2140,,,0
111,2001,224,2150,,,0
111,2001,224,2200,,,0
111,2001,224,2210,,,0
111,2001,224,2220,,,0
111,2001,224,2230,,,0
111,2001,224,2240,,,0
111,2001,224,2250,,,0
111,2001,224,2300,,,0
111,2001,224,2310,,,0
111,2001,224,2320,,,0
111,2001,224,2330,,,0
111,2001,224,2340,,,0
111,2001,224,2350,,,0
111,2001,224,2400,,,0
112,2001,224,2400,13.12,,0
112,2001,224,2400,13.12,,0
111,2001,225,10,,,0
111,2001,225,20,,,0
111,2001,225,30,,,0
111,2001,225,40,,,0
111,2001,225,50,,,0
111,2001,225,100,,,0
111,2001,225,110,,,0
111,2001,225,120,,,0
111,2001,225,130,,,0
111,2001,225,140,,,0
111,2001,225,150,,,0
111,2001,225,200,,,0
111,2001,225,210,,,0
111,2001,225,220,,,0
111,2001,225,230,,,0
111,2001,225,240,,,0
111,2001,225,250,,,0
111,2001,225,300,,,0
111,2001,225,310,,,0
111,2001,225,320,,,0
111,2001,225,330,,,0
111,2001,225,340,,,0
111,2001,225,350,,,0
111,2001,225,400,,,0
111,2001,225,410,,,0
111,2001,225,420,,,0
111,2001,225,430,,,0
111,2001,225,440,,,0
111,2001,225,450,,,0
111,2001,225,500,,,0
111,2001,225,510,,,0
111,2001,225,520,,,0
111,2001,225,530,,,0
111,2001,225,540,,,0
111,2001,225,550,,,0
111,2001,225,600,,,0
111,2001,225,610,,,0
111,2001,225,620,,,0
111,2001,225,630,,,0
111,2001,225,640,,,0
111,2001,225,650,,,0
111,2001,225,700,,,0
111,2001,225,710,,,0
111,2001,225,720,,,0
111,2001,225,730,,,0
111,2001,225,740,,,0
111,2001,225,750,,,0
111,2001,225,800,,,0
111,2001,225,810,,,0
111,2001,225,820,,,0
111,2001,225,830,,,0
111,2001,225,840,,,0
111,2001,225,850,,,0
111,2001,225,900,,,0
111,2001,225,910,,,0
111,2001,225,920,,,0
111,2001,225,930,,,0
111,2001,225,940,,,0
111,2001,225,950,,,0
111,2001,225,1000,,,0
111,2001,225,1010,,,0
111,2001,225,1020,,,0
111,2001,225,1030,,,0
111,2001,225,1040,,,0
111,2001,225,1050,,,0
111,2001,225,1100,,,0
111,2001,225,1110,,,0
111,2001,225,1120,,,0
111,2001,225,1130,,,0
111,2001,225,1140,,,0
111,2001,225,1150,,,0
111,2001,225,1200,,,0
111,2001,225,1210,,,0
111,2001,225,1220,,,0
111,2001,225,1230,,,0
111,2001,225,1240,,,0
111,2001,225,1250,,,0
111,2001,225,1300,,,0
111,2001,225,1310,,,0
111,2001,225,1320,,,0
111,2001,225,1330,,,0
111,2001,225,1340,,,0
111,2001,225,1350,,,0
111,2001,225,1400,,,0
111,2001,225,1410,,,0
111,2001,225,1420,,,0
111,2001,225,1430,,,0
111,2001,225,1440,,,0
111,2001,225,1450,,,0
111,2001,225,1500,,,0.01
111,2001,225,1510,,,0
111,2001,225,1520,,,0
111,2001,225,1530,,,0
111,2001,225,1540,,,0.07
111,2001,225,1550,,,0.04
111,2001,225,1600,,,0
111,2001,225,1610,,,0
111,2001,225,1620,,,0
111,2001,225,1630,,,0
111,2001,225,1640,,,0
111,2001,225,1650,,,0
111,2001,225,1700,,,0
111,2001,225,1710,,,0
111,2001,225,1720,,,0
111,2001,225,1730,,,0
111,2001,225,1740,,,0
111,2001,225,1750,,,0
111,2001,225,1800,,,0
111,2001,225,1810,,,0
111,2001,225,1820,,,0
111,2001,225,1830,,,0
111,2001,225,1840,,,0
111,2001,225,1850,,,0
111,2001,225,1900,,,0
111,2001,225,1910,,,0
111,2001,225,1920,,,0
111,2001,225,1930,,,0
111,2001,225,1940,,,0
111,2001,225,1950,,,0
111,2001,225,2000,,,0
111,2001,225,2010,,,0
111,2001,225,2020,,,0
111,2001,225,2030,,,0
111,2001,225,2040,,,0
111,2001,225,2050,,,0
111,2001,225,2100,,,0
111,2001,225,2110,,,0
111,2001,225,2120,,,0
111,2001,225,2130,,,0
111,2001,225,2140,,,0
111,2001,225,2150,,,0
111,2001,225,2200,,,0
111,2001,225,2210,,,0.03
111,2001,225,2220,,,0.11
111,2001,225,2230,,,0.46
111,2001,225,2240,,,0.28
111,2001,225,2250,,,0.15
111,2001,225,2300,,,0.01
111,2001,225,2310,,,0.02
111,2001,225,2320,,,0.01
111,2001,225,2330,,,0.02
111,2001,225,2340,,,0.02
111,2001,225,2350,,,0.01
111,2001,225,2400,,,0.02
112,2001,225,2400,13.04,,0.01
112,2001,225,2400,13.04,,1.15
111,2001,226,10,,,0.01
111,2001,226,20,,,0.01
111,2001,226,30,,,0
111,2001,226,40,,,0
111,2001,226,50,,,0
111,2001,226,100,,,0
111,2001,226,110,,,0
111,2001,226,120,,,0
111,2001,226,130,,,0
111,2001,226,140,,,0
111,2001,226,150,,,0.01
111,2001,226,200,,,0
111,2001,226,210,,,0
111,2001,226,220,,,0
111,2001,226,230,,,0
111,2001,226,240,,,0
111,2001,226,250,,,0.02
111,2001,226,300,,,0.09
111,2001,226,310,,,0.23
111,2001,226,320,,,0.14
111,2001,226,330,,,0.03
111,2001,226,340,,,0.03
111,2001,226,350,,,0.02
111,2001,226,400,,,0
111,2001,226,410,,,0.01
111,2001,226,420,,,0
111,2001,226,430,,,0
111,2001,226,440,,,0
111,2001,226,450,,,0
111,2001,226,500,,,0
111,2001,226,510,,,0
111,2001,226,520,,,0
111,2001,226,530,,,0
111,2001,226,540,,,0
111,2001,226,550,,,0
111,2001,226,600,,,0
111,2001,226,610,,,0
111,2001,226,620,,,0
111,2001,226,630,,,0
111,2001,226,640,,,0.02
111,2001,226,650,,,0.01
111,2001,226,700,,,0
111,2001,226,710,,,0
111,2001,226,720,,,0
111,2001,226,730,,,0
111,2001,226,740,,,0
111,2001,226,750,,,0
111,2001,226,800,,,0
111,2001,226,810,,,0
111,2001,226,820,,,0
111,2001,226,830,,,0
111,2001,226,840,,,0
111,2001,226,850,,,0
111,2001,226,900,,,0
111,2001,226,910,,,0
111,2001,226,920,,,0
111,2001,226,930,,,0
111,2001,226,940,,,0
111,2001,226,950,,,0
111,2001,226,1000,,,0
111,2001,226,1010,,,0
111,2001,226,1020,,,0
111,2001,226,1030,,,0
111,2001,226,1040,,,0
111,2001,226,1050,,,0
111,2001,226,1100,,,0
111,2001,226,1110,,,0
111,2001,226,1120,,,0
111,2001,226,1130,,,0
111,2001,226,1140,,,0
111,2001,226,1150,,,0
111,2001,226,1200,,,0
111,2001,226,1210,,,0
111,2001,226,1220,,,0
111,2001,226,1230,,,0
111,2001,226,1240,,,0
111,2001,226,1250,,,0
111,2001,226,1300,,,0
111,2001,226,1310,,,0
111,2001,226,1320,,,0
111,2001,226,1330,,,0
111,2001,226,1340,,,0
111,2001,226,1350,,,0.35
111,2001,226,1400,,,0.4
111,2001,226,1410,,,0.31
111,2001,226,1420,,,0.06
111,2001,226,1430,,,0.07
111,2001,226,1440,,,0.1
111,2001,226,1450,,,0.02
111,2001,226,1500,,,0
111,2001,226,1510,,,0
111,2001,226,1520,,,0.01
111,2001,226,1530,,,0.02
111,2001,226,1540,,,0.01
111,2001,226,1550,,,0.01
111,2001,226,1600,,,0
111,2001,226,1610,,,0.01
111,2001,226,1620,,,0
111,2001,226,1630,,,0
111,2001,226,1640,,,0
111,2001,226,1650,,,0
111,2001,226,1700,,,0
111,2001,226,1710,,,0
111,2001,226,1720,,,0
111,2001,226,1730,,,0
111,2001,226,1740,,,0
111,2001,226,1750,,,0
111,2001,226,1800,,,0
111,2001,226,1810,,,0.01
111,2001,226,1820,,,0
111,2001,226,1830,,,0
111,2001,226,1840,,,0
111,2001,226,1850,,,0
111,2001,226,1900,,,0
111,2001,226,1910,,,0
111,2001,226,1920,,,0
111,2001,226,1930,,,0
111,2001,226,1940,,,0
111,2001,226,1950,,,0
111,2001,226,2000,,,0
111,2001,226,2010,,,0
111,2001,226,2020,,,0
111,2001,226,2030,,,0
111,2001,226,2040,,,0
111,2001,226,2050,,,0
111,2001,226,2100,,,0
111,2001,226,2110,,,0
111,2001,226,2120,,,0
111,2001,226,2130,,,0
111,2001,226,2140,,,0
111,2001,226,2150,,,0
111,2001,226,2200,,,0
111,2001,226,2210,,,0
111,2001,226,2220,,,0
111,2001,226,2230,,,0
111,2001,226,2240,,,0
111,2001,226,2250,,,0
111,2001,226,2300,,,0
111,2001,226,2310,,,0
111,2001,226,2320,,,0
111,2001,226,2330,,,0
111,2001,226,2340,,,0
111,2001,226,2350,,,0
111,2001,226,2400,,,0
112,2001,226,2400,13.13,,0
112,2001,226,2400,13.13,,2.13
111,2001,227,10,,,0
111,2001,227,20,,,0
111,2001,227,30,,,0
111,2001,227,40,,,0
111,2001,227,50,,,0
111,2001,227,100,,,0
111,2001,227,110,,,0
111,2001,227,120,,,0
111,2001,227,130,,,0
111,2001,227,140,,,0
111,2001,227,150,,,0
111,2001,227,200,,,0
111,2001,227,210,,,0
111,2001,227,220,,,0
111,2001,227,230,,,0
111,2001,227,240,,,0
111,2001,227,250,,,0
111,2001,227,300,,,0
111,2001,227,310,,,0
111,2001,227,320,,,0
111,2001,227,330,,,0
111,2001,227,340,,,0
111,2001,227,350,,,0
111,2001,227,400,,,0
111,2001,227,410,,,0
111,2001,227,420,,,0
111,2001,227,430,,,0
111,2001,227,440,,,0
111,2001,227,450,,,0
111,2001,227,500,,,0
111,2001,227,510,,,0
111,2001,227,520,,,0
111,2001,227,530,,,0
111,2001,227,540,,,0
111,2001,227,550,,,0
111,2001,227,600,,,0
111,2001,227,610,,,0
111,2001,227,620,,,0
111,2001,227,630,,,0
111,2001,227,640,,,0
111,2001,227,650,,,0
111,2001,227,700,,,0
111,2001,227,710,,,0
111,2001,227,720,,,0
111,2001,227,730,,,0
111,2001,227,740,,,0
111,2001,227,750,,,0
111,2001,227,800,,,0
111,2001,227,810,,,0
111,2001,227,820,,,0
111,2001,227,830,,,0
111,2001,227,840,,,0
111,2001,227,850,,,0
111,2001,227,900,,,0
111,2001,227,910,,,0
111,2001,227,920,,,0
111,2001,227,930,,,0
111,2001,227,940,,,0
111,2001,227,950,,,0
111,2001,227,1000,,,0
111,2001,227,1010,,,0
111,2001,227,1020,,,0
111,2001,227,1030,,,0
111,2001,227,1040,,,0
111,2001,227,1050,,,0
111,2001,227,1100,,,0
111,2001,227,1110,,,0
111,2001,227,1120,,,0
111,2001,227,1130,,,0
111,2001,227,1140,,,0
111,2001,227,1150,,,0
111,2001,227,1200,,,0
111,2001,227,1210,,,0
111,2001,227,1220,,,0
111,2001,227,1230,,,0
111,2001,227,1240,,,0
111,2001,227,1250,,,0
111,2001,227,1300,,,0
111,2001,227,1310,,,0
111,2001,227,1320,,,0
111,2001,227,1330,,,0
111,2001,227,1340,,,0
111,2001,227,1350,,,0
111,2001,227,1400,,,0
111,2001,227,1410,,,0
111,2001,227,1420,,,0
111,2001,227,1430,,,0
111,2001,227,1440,,,0
111,2001,227,1450,,,0
111,2001,227,1500,,,0
111,2001,227,1510,,,0
111,2001,227,1520,,,0
111,2001,227,1530,,,0
111,2001,227,1540,,,0
111,2001,227,1550,,,0
111,2001,227,1600,,,0
111,2001,227,1610,,,0
111,2001,227,1620,,,0
111,2001,227,1630,,,0
111,2001,227,1640,,,0
111,2001,227,1650,,,0
111,2001,227,1700,,,0
111,2001,227,1710,,,0
111,2001,227,1720,,,0
111,2001,227,1730,,,0
111,2001,227,1740,,,0
111,2001,227,1750,,,0
111,2001,227,1800,,,0
111,2001,227,1810,,,0
111,2001,227,1820,,,0
111,2001,227,1830,,,0
111,2001,227,1840,,,0
111,2001,227,1850,,,0
111,2001,227,1900,,,0
111,2001,227,1910,,,0
111,2001,227,1920,,,0
111,2001,227,1930,,,0
111,2001,227,1940,,,0
111,2001,227,1950,,,0
111,2001,227,2000,,,0
111,2001,227,2010,,,0
111,2001,227,2020,,,0
111,2001,227,2030,,,0
111,2001,227,2040,,,0
111,2001,227,2050,,,0
111,2001,227,2100,,,0
111,2001,227,2110,,,0
111,2001,227,2120,,,0
111,2001,227,2130,,,0
111,2001,227,2140,,,0
111,2001,227,2150,,,0
111,2001,227,2200,,,0
111,2001,227,2210,,,0
111,2001,227,2220,,,0
111,2001,227,2230,,,0
111,2001,227,2240,,,0
111,2001,227,2250,,,0
111,2001,227,2300,,,0
111,2001,227,2310,,,0
111,2001,227,2320,,,0
111,2001,227,2330,,,0
111,2001,227,2340,,,0
111,2001,227,2350,,,0
111,2001,227,2400,,,0
112,2001,227,2400,13.18,,0
112,2001,227,2400,13.18,,0
111,2001,228,10,,,0
111,2001,228,20,,,0
111,2001,228,30,,,0
111,2001,228,40,,,0
111,2001,228,50,,,0
111,2001,228,100,,,0
111,2001,228,110,,,0
111,2001,228,120,,,0
111,2001,228,130,,,0
111,2001,228,140,,,0
111,2001,228,150,,,0
111,2001,228,200,,,0
111,2001,228,210,,,0
111,2001,228,220,,,0
111,2001,228,230,,,0
111,2001,228,240,,,0
111,2001,228,250,,,0
111,2001,228,300,,,0
111,2001,228,310,,,0
111,2001,228,320,,,0
111,2001,228,330,,,0
111,2001,228,340,,,0
111,2001,228,350,,,0
111,2001,228,400,,,0
111,2001,228,410,,,0
111,2001,228,420,,,0
111,2001,228,430,,,0
111,2001,228,440,,,0
111,2001,228,450,,,0
111,2001,228,500,,,0
111,2001,228,510,,,0
111,2001,228,520,,,0
111,2001,228,530,,,0
111,2001,228,540,,,0
111,2001,228,550,,,0
111,2001,228,600,,,0
111,2001,228,610,,,0
111,2001,228,620,,,0
111,2001,228,630,,,0
111,2001,228,640,,,0
111,2001,228,650,,,0
111,2001,228,700,,,0
111,2001,228,710,,,0
111,2001,228,720,,,0
111,2001,228,730,,,0
111,2001,228,740,,,0
111,2001,228,750,,,0
111,2001,228,800,,,0
111,2001,228,810,,,0
111,2001,228,820,,,0
111,2001,228,830,,,0
111,2001,228,840,,,0
111,2001,228,850,,,0
111,2001,228,900,,,0
111,2001,228,910,,,0
111,2001,228,920,,,0
111,2001,228,930,,,0
111,2001,228,940,,,0
111,2001,228,950,,,0
111,2001,228,1000,,,0
111,2001,228,1010,,,0
111,2001,228,1020,,,0
111,2001,228,1030,,,0
111,2001,228,1040,,,0
111,2001,228,1050,,,0
111,2001,228,1100,,,0
111,2001,228,1110,,,0
111,2001,228,1120,,,0
111,2001,228,1130,,,0
111,2001,228,1140,,,0
111,2001,228,1150,,,0
111,2001,228,1200,,,0
111,2001,228,1210,,,0
111,2001,228,1220,,,0
111,2001,228,1230,,,0
111,2001,228,1240,,,0
111,2001,228,1250,,,0
111,2001,228,1300,,,0
111,2001,228,1310,,,0
111,2001,228,1320,,,0
111,2001,228,1330,,,0
111,2001,228,1340,,,0
111,2001,228,1350,,,0
111,2001,228,1400,,,0
111,2001,228,1410,,,0
111,2001,228,1420,,,0
111,2001,228,1430,,,0
111,2001,228,1440,,,0
111,2001,228,1450,,,0
111,2001,228,1500,,,0
111,2001,228,1510,,,0
111,2001,228,1520,,,0
111,2001,228,1530,,,0
111,2001,228,1540,,,0
111,2001,228,1550,,,0
111,2001,228,1600,,,0
111,2001,228,1610,,,0
111,2001,228,1620,,,0
111,2001,228,1630,,,0
111,2001,228,1640,,,0
111,2001,228,1650,,,0
111,2001,228,1700,,,0
111,2001,228,1710,,,0
111,2001,228,1720,,,0
111,2001,228,1730,,,0
111,2001,228,1740,,,0
111,2001,228,1750,,,0
111,2001,228,1800,,,0
111,2001,228,1810,,,0
111,2001,228,1820,,,0
111,2001,228,1830,,,0
111,2001,228,1840,,,0
111,2001,228,1850,,,0
111,2001,228,1900,,,0
111,2001,228,1910,,,0
111,2001,228,1920,,,0
111,2001,228,1930,,,0
111,2001,228,1940,,,0
111,2001,228,1950,,,0
111,2001,228,2000,,,0
111,2001,228,2010,,,0
111,2001,228,2020,,,0
111,2001,228,2030,,,0
111,2001,228,2040,,,0
111,2001,228,2050,,,0
111,2001,228,2100,,,0
111,2001,228,2110,,,0
111,2001,228,2120,,,0
111,2001,228,2130,,,0
111,2001,228,2140,,,0
111,2001,228,2150,,,0
111,2001,228,2200,,,0
111,2001,228,2210,,,0
111,2001,228,2220,,,0
111,2001,228,2230,,,0
111,2001,228,2240,,,0
111,2001,228,2250,,,0
111,2001,228,2300,,,0
111,2001,228,2310,,,0
111,2001,228,2320,,,0
111,2001,228,2330,,,0
111,2001,228,2340,,,0
111,2001,228,2350,,,0
111,2001,228,2400,,,0
112,2001,228,2400,13.18,,0
112,2001,228,2400,13.18,,0
111,2001,229,10,,,0
111,2001,229,20,,,0
111,2001,229,30,,,0
111,2001,229,40,,,0
111,2001,229,50,,,0
111,2001,229,100,,,0
111,2001,229,110,,,0
111,2001,229,120,,,0
111,2001,229,130,,,0
111,2001,229,140,,,0
111,2001,229,150,,,0
111,2001,229,200,,,0
111,2001,229,210,,,0
111,2001,229,220,,,0
111,2001,229,230,,,0
111,2001,229,240,,,0
111,2001,229,250,,,0
111,2001,229,300,,,0
111,2001,229,310,,,0
111,2001,229,320,,,0
111,2001,229,330,,,0
111,2001,229,340,,,0
111,2001,229,350,,,0
111,2001,229,400,,,0
111,2001,229,410,,,0
111,2001,229,420,,,0
111,2001,229,430,,,0
111,2001,229,440,,,0
111,2001,229,450,,,0
111,2001,229,500,,,0
111,2001,229,510,,,0
111,2001,229,520,,,0
111,2001,229,530,,,0
111,2001,229,540,,,0
111,2001,229,550,,,0
111,2001,229,600,,,0
111,2001,229,610,,,0
111,2001,229,620,,,0
111,2001,229,630,,,0
111,2001,229,640,,,0
111,2001,229,650,,,0
111,2001,229,700,,,0
111,2001,229,710,,,0
111,2001,229,720,,,0
111,2001,229,730,,,0
111,2001,229,740,,,0
111,2001,229,750,,,0
111,2001,229,800,,,0
111,2001,229,810,,,0
111,2001,229,820,,,0
111,2001,229,830,,,0
111,2001,229,840,,,0
111,2001,229,850,,,0
111,2001,229,900,,,0
111,2001,229,910,,,0
111,2001,229,920,,,0
111,2001,229,930,,,0
111,2001,229,940,,,0
111,2001,229,950,,,0
111,2001,229,1000,,,0
111,2001,229,1010,,,0
111,2001,229,1020,,,0
111,2001,229,1030,,,0
111,2001,229,1040,,,0
111,2001,229,1050,,,0
111,2001,229,1100,,,0
111,2001,229,1110,,,0
111,2001,229,1120,,,0
111,2001,229,1130,,,0
111,2001,229,1140,,,0
111,2001,229,1150,,,0
111,2001,229,1200,,,0
111,2001,229,1210,,,0
111,2001,229,1220,,,0
111,2001,229,1230,,,0
111,2001,229,1240,,,0
111,2001,229,1250,,,0
111,2001,229,1300,,,0
111,2001,229,1310,,,0
111,2001,229,1320,,,0
111,2001,229,1330,,,0
111,2001,229,1340,,,0
111,2001,229,1350,,,0
111,2001,229,1400,,,0
111,2001,229,1410,,,0
111,2001,229,1420,,,0
111,2001,229,1430,,,0
111,2001,229,1440,,,0
111,2001,229,1450,,,0
111,2001,229,1500,,,0
111,2001,229,1510,,,0
111,2001,229,1520,,,0
111,2001,229,1530,,,0
111,2001,229,1540,,,0
111,2001,229,1550,,,0
111,2001,229,1600,,,0
111,2001,229,1610,,,0
111,2001,229,1620,,,0
111,2001,229,1630,,,0
111,2001,229,1640,,,0
111,2001,229,1650,,,0
111,2001,229,1700,,,0
111,2001,229,1710,,,0
111,2001,229,1720,,,0
111,2001,229,1730,,,0
111,2001,229,1740,,,0
111,2001,229,1750,,,0
111,2001,229,1800,,,0
111,2001,229,1810,,,0
111,2001,229,1820,,,0
111,2001,229,1830,,,0
111,2001,229,1840,,,0
111,2001,229,1850,,,0
111,2001,229,1900,,,0
111,2001,229,1910,,,0
111,2001,229,1920,,,0
111,2001,229,1930,,,0
111,2001,229,1940,,,0
111,2001,229,1950,,,0
111,2001,229,2000,,,0
111,2001,229,2010,,,0
111,2001,229,2020,,,0
111,2001,229,2030,,,0
111,2001,229,2040,,,0
111,2001,229,2050,,,0
111,2001,229,2100,,,0
111,2001,229,2110,,,0
111,2001,229,2120,,,0
111,2001,229,2130,,,0
111,2001,229,2140,,,0
111,2001,229,2150,,,0
111,2001,229,2200,,,0
111,2001,229,2210,,,0
111,2001,229,2220,,,0
111,2001,229,2230,,,0
111,2001,229,2240,,,0
111,2001,229,2250,,,0
111,2001,229,2300,,,0
111,2001,229,2310,,,0
111,2001,229,2320,,,0
111,2001,229,2330,,,0
111,2001,229,2340,,,0
111,2001,229,2350,,,0
111,2001,229,2400,,,0
112,2001,229,2400,13.12,,0
112,2001,229,2400,13.12,,0
111,2001,230,10,,,0
111,2001,230,20,,,0
111,2001,230,30,,,0
111,2001,230,40,,,0
111,2001,230,50,,,0
111,2001,230,100,,,0
111,2001,230,110,,,0
111,2001,230,120,,,0
111,2001,230,130,,,0
111,2001,230,140,,,0
111,2001,230,150,,,0
111,2001,230,200,,,0
111,2001,230,210,,,0
111,2001,230,220,,,0
111,2001,230,230,,,0
111,2001,230,240,,,0
111,2001,230,250,,,0
111,2001,230,300,,,0
111,2001,230,310,,,0
111,2001,230,320,,,0
111,2001,230,330,,,0
111,2001,230,340,,,0
111,2001,230,350,,,0
111,2001,230,400,,,0
111,2001,230,410,,,0
111,2001,230,420,,,0
111,2001,230,430,,,0
111,2001,230,440,,,0
111,2001,230,450,,,0
111,2001,230,500,,,0
111,2001,230,510,,,0
111,2001,230,520,,,0
111,2001,230,530,,,0
111,2001,230,540,,,0
111,2001,230,550,,,0
111,2001,230,600,,,0
111,2001,230,610,,,0
111,2001,230,620,,,0
111,2001,230,630,,,0
111,2001,230,640,,,0
111,2001,230,650,,,0
111,2001,230,700,,,0
111,2001,230,710,,,0
111,2001,230,720,,,0
111,2001,230,730,,,0
111,2001,230,740,,,0
111,2001,230,750,,,0
111,2001,230,800,,,0
111,2001,230,810,,,0
111,2001,230,820,,,0
111,2001,230,830,,,0
111,2001,230,840,,,0
111,2001,230,850,,,0
111,2001,230,900,,,0
111,2001,230,910,,,0
111,2001,230,920,,,0
111,2001,230,930,,,0
111,2001,230,940,,,0
111,2001,230,950,,,0
111,2001,230,1000,,,0
111,2001,230,1010,,,0
111,2001,230,1020,,,0
111,2001,230,1030,,,0
111,2001,230,1040,,,0
111,2001,230,1050,,,0
111,2001,230,1100,,,0
111,2001,230,1110,,,0
111,2001,230,1120,,,0
111,2001,230,1130,,,0
111,2001,230,1140,,,0
111,2001,230,1150,,,0
111,2001,230,1200,,,0.01
111,2001,230,1210,,,0
111,2001,230,1220,,,0
111,2001,230,1230,,,0
111,2001,230,1240,,,0
111,2001,230,1250,,,0
111,2001,230,1300,,,0
111,2001,230,1310,,,0
111,2001,230,1320,,,0
111,2001,230,1330,,,0
111,2001,230,1340,,,0
111,2001,230,1350,,,0
111,2001,230,1400,,,0
111,2001,230,1410,,,0
111,2001,230,1420,,,0.01
111,2001,230,1430,,,0
111,2001,230,1440,,,0
111,2001,230,1450,,,0
111,2001,230,1500,,,0
111,2001,230,1510,,,0
111,2001,230,1520,,,0
111,2001,230,1530,,,0
111,2001,230,1540,,,0
111,2001,230,1550,,,0
111,2001,230,1600,,,0
111,2001,230,1610,,,0
111,2001,230,1620,,,0
111,2001,230,1630,,,0
111,2001,230,1640,,,0
111,2001,230,1650,,,0
111,2001,230,1700,,,0
111,2001,230,1710,,,0
111,2001,230,1720,,,0
111,2001,230,1730,,,0
111,2001,230,1740,,,0
111,2001,230,1750,,,0
111,2001,230,1800,,,0
111,2001,230,1810,,,0
111,2001,230,1820,,,0
111,2001,230,1830,,,0
111,2001,230,1840,,,0
111,2001,230,1850,,,0
111,2001,230,1900,,,0
111,2001,230,1910,,,0
111,2001,230,1920,,,0
111,2001,230,1930,,,0
111,2001,230,1940,,,0
111,2001,230,1950,,,0
111,2001,230,2000,,,0
111,2001,230,2010,,,0
111,2001,230,2020,,,0
111,2001,230,2030,,,0
111,2001,230,2040,,,0
111,2001,230,2050,,,0
111,2001,230,2100,,,0
111,2001,230,2110,,,0
111,2001,230,2120,,,0
111,2001,230,2130,,,0
111,2001,230,2140,,,0
111,2001,230,2150,,,0
111,2001,230,2200,,,0
111,2001,230,2210,,,0
111,2001,230,2220,,,0
111,2001,230,2230,,,0
111,2001,230,2240,,,0
111,2001,230,2250,,,0
111,2001,230,2300,,,0
111,2001,230,2310,,,0
111,2001,230,2320,,,0
111,2001,230,2330,,,0
111,2001,230,2340,,,0
111,2001,230,2350,,,0
111,2001,230,2400,,,0
112,2001,230,2400,13.12,,0
112,2001,230,2400,13.12,,0.02
111,2001,231,10,,,0
111,2001,231,20,,,0
111,2001,231,30,,,0
111,2001,231,40,,,0
111,2001,231,50,,,0
111,2001,231,100,,,0
111,2001,231,110,,,0
111,2001,231,120,,,0
111,2001,231,130,,,0
111,2001,231,140,,,0
111,2001,231,150,,,0
111,2001,231,200,,,0
111,2001,231,210,,,0
111,2001,231,220,,,0
111,2001,231,230,,,0
111,2001,231,240,,,0
111,2001,231,250,,,0
111,2001,231,300,,,0
111,2001,231,310,,,0
111,2001,231,320,,,0
111,2001,231,330,,,0
111,2001,231,340,,,0
111,2001,231,350,,,0
111,2001,231,400,,,0
111,2001,231,410,,,0
111,2001,231,420,,,0
111,2001,231,430,,,0
111,2001,231,440,,,0
111,2001,231,450,,,0
111,2001,231,500,,,0
111,2001,231,510,,,0
111,2001,231,520,,,0
111,2001,231,530,,,0
111,2001,231,540,,,0
111,2001,231,550,,,0
111,2001,231,600,,,0
111,2001,231,610,,,0
111,2001,231,620,,,0
111,2001,231,630,,,0
111,2001,231,640,,,0
111,2001,231,650,,,0
111,2001,231,700,,,0
111,2001,231,710,,,0
111,2001,231,720,,,0
111,2001,231,730,,,0
111,2001,231,740,,,0
111,2001,231,750,,,0
111,2001,231,800,,,0
111,2001,231,810,,,0
111,2001,231,820,,,0
111,2001,231,830,,,0
111,2001,231,840,,,0
111,2001,231,850,,,0
111,2001,231,900,,,0
111,2001,231,910,,,0
111,2001,231,920,,,0
111,2001,231,930,,,0
111,2001,231,940,,,0
111,2001,231,950,,,0
111,2001,231,1000,,,0
111,2001,231,1010,,,0
111,2001,231,1020,,,0
111,2001,231,1030,,,0
111,2001,231,1040,,,0
111,2001,231,1050,,,0
111,2001,231,1100,,,0
111,2001,231,1110,,,0
111,2001,231,1120,,,0
111,2001,231,1130,,,0
111,2001,231,1140,,,0
111,2001,231,1150,,,0
111,2001,231,1200,,,0
111,2001,231,1210,,,0
111,2001,231,1220,,,0
111,2001,231,1230,,,0
111,2001,231,1240,,,0
111,2001,231,1250,,,0
111,2001,231,1300,,,0
111,2001,231,1310,,,0
111,2001,231,1320,,,0
111,2001,231,1330,,,0
111,2001,231,1340,,,0
111,2001,231,1350,,,0
111,2001,231,1400,,,0
111,2001,231,1410,,,0
111,2001,231,1420,,,0
111,2001,231,1430,,,0
111,2001,231,1440,,,0
111,2001,231,1450,,,0
111,2001,231,1500,,,0
111,2001,231,1510,,,0
111,2001,231,1520,,,0
111,2001,231,1530,,,0
111,2001,231,1540,,,0
111,2001,231,1550,,,0
111,2001,231,1600,,,0
111,2001,231,1610,,,0
111,2001,231,1620,,,0
111,2001,231,1630,,,0
111,2001,231,1640,,,0
111,2001,231,1650,,,0
111,2001,231,1700,,,0
111,2001,231,1710,,,0
111,2001,231,1720,,,0
111,2001,231,1730,,,0
111,2001,231,1740,,,0
111,2001,231,1750,,,0
111,2001,231,1800,,,0
111,2001,231,1810,,,0
111,2001,231,1820,,,0
111,2001,231,1830,,,0.01
111,2001,231,1840,,,0.03
111,2001,231,1850,,,0
111,2001,231,1900,,,0
111,2001,231,1910,,,0.01
111,2001,231,1920,,,0.03
111,2001,231,1930,,,0.01
111,2001,231,1940,,,0.01
111,2001,231,1950,,,0.01
111,2001,231,2000,,,0.01
111,2001,231,2010,,,0
111,2001,231,2020,,,0
111,2001,231,2030,,,0
111,2001,231,2040,,,0
111,2001,231,2050,,,0
111,2001,231,2100,,,0
111,2001,231,2110,,,0
111,2001,231,2120,,,0
111,2001,231,2130,,,0
111,2001,231,2140,,,0
111,2001,231,2150,,,0
111,2001,231,2200,,,0
111,2001,231,2210,,,0
111,2001,231,2220,,,0
111,2001,231,2230,,,0
111,2001,231,2240,,,0
111,2001,231,2250,,,0
111,2001,231,2300,,,0
111,2001,231,2310,,,0
111,2001,231,2320,,,0
111,2001,231,2330,,,0
111,2001,231,2340,,,0
111,2001,231,2350,,,0
111,2001,231,2400,,,0
112,2001,231,2400,13.05,,0
112,2001,231,2400,13.05,,0.12
111,2001,232,10,,,0
111,2001,232,20,,,0
111,2001,232,30,,,0
111,2001,232,40,,,0
111,2001,232,50,,,0
111,2001,232,100,,,0
111,2001,232,110,,,0
111,2001,232,120,,,0
111,2001,232,130,,,0
111,2001,232,140,,,0
111,2001,232,150,,,0
111,2001,232,200,,,0
111,2001,232,210,,,0
111,2001,232,220,,,0
111,2001,232,230,,,0
111,2001,232,240,,,0
111,2001,232,250,,,0
111,2001,232,300,,,0
111,2001,232,310,,,0
111,2001,232,320,,,0
111,2001,232,330,,,0
111,2001,232,340,,,0
111,2001,232,350,,,0
111,2001,232,400,,,0
111,2001,232,410,,,0
111,2001,232,420,,,0
111,2001,232,430,,,0
111,2001,232,440,,,0
111,2001,232,450,,,0
111,2001,232,500,,,0
111,2001,232,510,,,0
111,2001,232,520,,,0
111,2001,232,530,,,0
111,2001,232,540,,,0
111,2001,232,550,,,0
111,2001,232,600,,,0
111,2001,232,610,,,0
111,2001,232,620,,,0
111,2001,232,630,,,0
111,2001,232,640,,,0
111,2001,232,650,,,0
111,2001,232,700,,,0
111,2001,232,710,,,0
111,2001,232,720,,,0
111,2001,232,730,,,0
111,2001,232,740,,,0
111,2001,232,750,,,0
111,2001,232,800,,,0
111,2001,232,810,,,0
111,2001,232,820,,,0
111,2001,232,830,,,0
111,2001,232,840,,,0
111,2001,232,850,,,0
111,2001,232,900,,,0
111,2001,232,910,,,0
111,2001,232,920,,,0
111,2001,232,930,,,0.16
111,2001,232,940,,,0.06
111,2001,232,950,,,0.01
111,2001,232,1000,,,0
111,2001,232,1010,,,0
111,2001,232,1020,,,0
111,2001,232,1030,,,0
111,2001,232,1040,,,0
111,2001,232,1050,,,0
111,2001,232,1100,,,0
111,2001,232,1110,,,0
111,2001,232,1120,,,0
111,2001,232,1130,,,0
111,2001,232,1140,,,0
111,2001,232,1150,,,0
111,2001,232,1200,,,0
111,2001,232,1210,,,0
111,2001,232,1220,,,0
111,2001,232,1230,,,0
111,2001,232,1240,,,0
111,2001,232,1250,,,0
111,2001,232,1300,,,0
111,2001,232,1310,,,0
111,2001,232,1320,,,0
111,2001,232,1330,,,0
111,2001,232,1340,,,0
111,2001,232,1350,,,0
111,2001,232,1400,,,0
111,2001,232,1410,,,0
111,2001,232,1420,,,0
111,2001,232,1430,,,0
111,2001,232,1440,,,0.06
111,2001,232,1450,,,0
111,2001,232,1500,,,0
111,2001,232,1510,,,0
111,2001,232,1520,,,0
111,2001,232,1530,,,0.01
111,2001,232,1540,,,0
111,2001,232,1550,,,0
111,2001,232,1600,,,0
111,2001,232,1610,,,0
111,2001,232,1620,,,0
111,2001,232,1630,,,0
111,2001,232,1640,,,0
111,2001,232,1650,,,0
111,2001,232,1700,,,0
111,2001,232,1710,,,0
111,2001,232,1720,,,0
111,2001,232,1730,,,0
111,2001,232,1740,,,0
111,2001,232,1750,,,0
111,2001,232,1800,,,0
111,2001,232,1810,,,0
111,2001,232,1820,,,0
111,2001,232,1830,,,0
111,2001,232,1840,,,0
111,2001,232,1850,,,0
111,2001,232,1900,,,0
111,2001,232,1910,,,0
111,2001,232,1920,,,0
111,2001,232,1930,,,0
111,2001,232,1940,,,0
111,2001,232,1950,,,0
111,2001,232,2000,,,0
111,2001,232,2010,,,0
111,2001,232,2020,,,0
111,2001,232,2030,,,0
111,2001,232,2040,,,0
111,2001,232,2050,,,0
111,2001,232,2100,,,0
111,2001,232,2110,,,0
111,2001,232,2120,,,0
111,2001,232,2130,,,0
111,2001,232,2140,,,0
111,2001,232,2150,,,0
111,2001,232,2200,,,0
111,2001,232,2210,,,0
111,2001,232,2220,,,0
111,2001,232,2230,,,0
111,2001,232,2240,,,0
111,2001,232,2250,,,0
111,2001,232,2300,,,0
111,2001,232,2310,,,0
111,2001,232,2320,,,0
111,2001,232,2330,,,0
111,2001,232,2340,,,0
111,2001,232,2350,,,0
111,2001,232,2400,,,0
112,2001,232,2400,13.12,,0
112,2001,232,2400,13.12,,0.3
111,2001,233,10,,,0
111,2001,233,20,,,0
111,2001,233,30,,,0
111,2001,233,40,,,0
111,2001,233,50,,,0
111,2001,233,100,,,0
111,2001,233,110,,,0
111,2001,233,120,,,0
111,2001,233,130,,,0
111,2001,233,140,,,0
111,2001,233,150,,,0
111,2001,233,200,,,0
111,2001,233,210,,,0
111,2001,233,220,,,0
111,2001,233,230,,,0
111,2001,233,240,,,0.03
111,2001,233,250,,,0
111,2001,233,300,,,0
111,2001,233,310,,,0
111,2001,233,320,,,0
111,2001,233,330,,,0
111,2001,233,340,,,0
111,2001,233,350,,,0
111,2001,233,400,,,0
111,2001,233,410,,,0
111,2001,233,420,,,0
111,2001,233,430,,,0
111,2001,233,440,,,0
111,2001,233,450,,,0
111,2001,233,500,,,0
111,2001,233,510,,,0
111,2001,233,520,,,0
111,2001,233,530,,,0
111,2001,233,540,,,0
111,2001,233,550,,,0
111,2001,233,600,,,0
111,2001,233,610,,,0
111,2001,233,620,,,0
111,2001,233,630,,,0
111,2001,233,640,,,0
111,2001,233,650,,,0
111,2001,233,700,,,0
111,2001,233,710,,,0
111,2001,233,720,,,0
111,2001,233,730,,,0
111,2001,233,740,,,0
111,2001,233,750,,,0
111,2001,233,800,,,0
111,2001,233,810,,,0
111,2001,233,820,,,0
111,2001,233,830,,,0
111,2001,233,840,,,0
111,2001,233,850,,,0
111,2001,233,900,,,0
111,2001,233,910,,,0
111,2001,233,920,,,0
111,2001,233,930,,,0
111,2001,233,940,,,0
111,2001,233,950,,,0
111,2001,233,1000,,,0
111,2001,233,1010,,,0
111,2001,233,1020,,,0
111,2001,233,1030,,,0
111,2001,233,1040,,,0
111,2001,233,1050,,,0
111,2001,233,1100,,,0
111,2001,233,1110,,,0
111,2001,233,1120,,,0
111,2001,233,1130,,,0
111,2001,233,1140,,,0
111,2001,233,1150,,,0
111,2001,233,1200,,,0
111,2001,233,1210,,,0
111,2001,233,1220,,,0
111,2001,233,1230,,,0
111,2001,233,1240,,,0
111,2001,233,1250,,,0
111,2001,233,1300,,,0
111,2001,233,1310,,,0
111,2001,233,1320,,,0
111,2001,233,1330,,,0
111,2001,233,1340,,,0
111,2001,233,1350,,,0
111,2001,233,1400,,,0
111,2001,233,1410,,,0
111,2001,233,1420,,,0
111,2001,233,1430,,,0
111,2001,233,1440,,,0
111,2001,233,1450,,,0
111,2001,233,1500,,,0
111,2001,233,1510,,,0
111,2001,233,1520,,,0
111,2001,233,1530,,,0
111,2001,233,1540,,,0
111,2001,233,1550,,,0
111,2001,233,1600,,,0
111,2001,233,1610,,,0
111,2001,233,1620,,,0
111,2001,233,1630,,,0
111,2001,233,1640,,,0
111,2001,233,1650,,,0
111,2001,233,1700,,,0
111,2001,233,1710,,,0
111,2001,233,1720,,,0
111,2001,233,1730,,,0
111,2001,233,1740,,,0
111,2001,233,1750,,,0
111,2001,233,1800,,,0
111,2001,233,1810,,,0
111,2001,233,1820,,,0
111,2001,233,1830,,,0
111,2001,233,1840,,,0
111,2001,233,1850,,,0
111,2001,233,1900,,,0
111,2001,233,1910,,,0
111,2001,233,1920,,,0
111,2001,233,1930,,,0
111,2001,233,1940,,,0
111,2001,233,1950,,,0
111,2001,233,2000,,,0
111,2001,233,2010,,,0
111,2001,233,2020,,,0
111,2001,233,2030,,,0
111,2001,233,2040,,,0
111,2001,233,2050,,,0
111,2001,233,2100,,,0
111,2001,233,2110,,,0
111,2001,233,2120,,,0
111,2001,233,2130,,,0
111,2001,233,2140,,,0
111,2001,233,2150,,,0
111,2001,233,2200,,,0
111,2001,233,2210,,,0
111,2001,233,2220,,,0
111,2001,233,2230,,,0
111,2001,233,2240,,,0
111,2001,233,2250,,,0
111,2001,233,2300,,,0
111,2001,233,2310,,,0
111,2001,233,2320,,,0
111,2001,233,2330,,,0
111,2001,233,2340,,,0
111,2001,233,2350,,,0
111,2001,233,2400,,,0
112,2001,233,2400,13.19,,0
112,2001,233,2400,13.19,,0.03
111,2001,234,10,,,0
111,2001,234,20,,,0
111,2001,234,30,,,0
111,2001,234,40,,,0
111,2001,234,50,,,0
111,2001,234,100,,,0
111,2001,234,110,,,0
111,2001,234,120,,,0
111,2001,234,130,,,0
111,2001,234,140,,,0
111,2001,234,150,,,0
111,2001,234,200,,,0
111,2001,234,210,,,0
111,2001,234,220,,,0
111,2001,234,230,,,0
111,2001,234,240,,,0
111,2001,234,250,,,0
111,2001,234,300,,,0
111,2001,234,310,,,0
111,2001,234,320,,,0
,2001,234,330,,,0
111,2001,234,330,,,0
111,2001,234,340,,,0
111,2001,234,350,,,0
111,2001,234,400,,,0
111,2001,234,410,,,0
111,2001,234,420,,,0
111,2001,234,430,,,0
111,2001,234,440,,,0
111,2001,234,450,,,0
111,2001,234,500,,,0
111,2001,234,510,,,0
111,2001,234,520,,,0
111,2001,234,530,,,0
111,2001,234,540,,,0
111,2001,234,550,,,0
111,2001,234,600,,,0
111,2001,234,610,,,0
111,2001,234,620,,,0
111,2001,234,630,,,0
111,2001,234,640,,,0
111,2001,234,650,,,0
111,2001,234,700,,,0
111,2001,234,710,,,0
111,2001,234,720,,,0
111,2001,234,730,,,0
111,2001,234,740,,,0
111,2001,234,750,,,0
111,2001,234,800,,,0
111,2001,234,810,,,0
111,2001,234,820,,,0
111,2001,234,830,,,0
111,2001,234,840,,,0
111,2001,234,850,,,0
111,2001,234,900,,,0
111,2001,234,910,,,0
111,2001,234,920,,,0
111,2001,234,930,,,0
111,2001,234,940,,,0
111,2001,234,950,,,0
111,2001,234,1000,,,0
111,2001,234,1010,,,0
111,2001,234,1020,,,0
111,2001,234,1030,,,0
111,2001,234,1040,,,0
111,2001,234,1050,,,0
111,2001,234,1100,,,0
111,2001,234,1110,,,0
111,2001,234,1120,,,0
111,2001,234,1130,,,0
111,2001,234,1140,,,0
111,2001,234,1150,,,0
111,2001,234,1200,,,0
111,2001,234,1210,,,0
111,2001,234,1220,,,0
111,2001,234,1230,,,0
111,2001,234,1240,,,0
111,2001,234,1250,,,0
111,2001,234,1300,,,0
111,2001,234,1310,,,0
111,2001,234,1320,,,0
111,2001,234,1330,,,0
111,2001,234,1340,,,0
111,2001,234,1350,,,0
111,2001,234,1400,,,0
111,2001,234,1410,,,0
111,2001,234,1420,,,0
111,2001,234,1430,,,0
111,2001,234,1440,,,0
111,2001,234,1450,,,0
111,2001,234,1500,,,0
111,2001,234,1510,,,0
111,2001,234,1520,,,0
111,2001,234,1530,,,0
111,2001,234,1540,,,0
111,2001,234,1550,,,0
111,2001,234,1600,,,0
111,2001,234,1610,,,0
111,2001,234,1620,,,0
111,2001,234,1630,,,0
111,2001,234,1640,,,0
111,2001,234,1650,,,0
111,2001,234,1700,,,0
111,2001,234,1710,,,0
111,2001,234,1720,,,0
111,2001,234,1730,,,0
111,2001,234,1740,,,0
111,2001,234,1750,,,0
111,2001,234,1800,,,0
111,2001,234,1810,,,0
111,2001,234,1820,,,0
111,2001,234,1830,,,0
111,2001,234,1840,,,0
111,2001,234,1850,,,0
111,2001,234,1900,,,0
111,2001,234,1910,,,0
111,2001,234,1920,,,0
111,2001,234,1930,,,0
111,2001,234,1940,,,0
111,2001,234,1950,,,0
111,2001,234,2000,,,0
111,2001,234,2010,,,0
111,2001,234,2020,,,0
111,2001,234,2030,,,0
111,2001,234,2040,,,0
111,2001,234,2050,,,0
111,2001,234,2100,,,0
111,2001,234,2110,,,0
111,2001,234,2120,,,0
111,2001,234,2130,,,0
111,2001,234,2140,,,0
111,2001,234,2150,,,0
111,2001,234,2200,,,0
111,2001,234,2210,,,0
111,2001,234,2220,,,0
111,2001,234,2230,,,0
111,2001,234,2240,,,0
111,2001,234,2250,,,0
111,2001,234,2300,,,0
111,2001,234,2310,,,0
111,2001,234,2320,,,0
111,2001,234,2330,,,0
111,2001,234,2340,,,0
111,2001,234,2350,,,0
111,2001,234,2400,,,0
112,2001,234,2400,13.17,,0
112,2001,234,2400,13.17,,0
112,2001,235,2400,13.17,,0
112,2001,235,2400,13.17,,0
112,2001,236,2400,13.16,,0
112,2001,236,2400,13.16,,0
112,2001,237,2400,13.17,,0
112,2001,237,2400,13.17,,0
112,2001,238,2400,13.16,,0
112,2001,238,2400,13.16,,0
112,2001,239,2400,13.13,,0
112,2001,239,2400,13.13,,0
112,2001,240,2400,13.11,,0
112,2001,240,2400,13.11,,0
112,2001,241,2400,13.01,,1.02
112,2001,241,2400,13.01,,1.02
112,2001,242,2400,13.15,,1.84
112,2001,242,2400,13.15,,1.84
112,2001,243,2400,13.12,,0.27
112,2001,243,2400,13.12,,0.27
112,2001,244,2400,13.19,,0
112,2001,244,2400,13.19,,0
112,2001,245,2400,13.08,,0
112,2001,245,2400,13.08,,0
112,2001,246,2400,13.09,,4.1
112,2001,246,2400,13.09,,4.1
112,2001,247,2400,13.24,,0.32
112,2001,247,2400,13.24,,0.32
112,2001,248,2400,13.22,,0
112,2001,248,2400,13.22,,0
112,2001,249,2400,13.21,,0
112,2001,249,2400,13.21,,0
112,2001,250,2400,13.2,,0
112,2001,250,2400,13.2,,0
112,2001,251,2400,13.18,,0.03
112,2001,251,2400,13.18,,0.03
112,2001,252,2400,13.18,,0
112,2001,252,2400,13.18,,0
112,2001,253,2400,13,,0
112,2001,253,2400,13,,0
112,2001,254,2400,13.22,,0.73
112,2001,254,2400,13.22,,0.73
112,2001,255,2400,13.22,,0
112,2001,255,2400,13.22,,0
112,2001,256,2400,13.1,,0
112,2001,256,2400,13.1,,0
112,2001,257,2400,13.25,,0
112,2001,257,2400,13.25,,0
112,2001,258,2400,13.31,,0
112,2001,258,2400,13.31,,0
112,2001,259,2400,13.23,,0
112,2001,259,2400,13.23,,0
112,2001,260,2400,13.27,,0
112,2001,260,2400,13.27,,0
112,2001,261,2400,13.21,,0
112,2001,261,2400,13.21,,0
112,2001,262,2400,13.23,,0
112,2001,262,2400,13.23,,0
112,2001,263,2400,13.21,,0
112,2001,263,2400,13.21,,0
112,2001,264,2400,13.03,,0
112,2001,264,2400,13.03,,0
112,2001,265,2400,13.15,,0
112,2001,265,2400,13.15,,0
112,2001,266,2400,13.21,,0
112,2001,266,2400,13.21,,0
112,2001,267,2400,13.23,,0.08
112,2001,267,2400,13.23,,0.08
112,2001,268,2400,13.2,,0.04
112,2001,268,2400,13.2,,0.04
112,2001,269,2400,13.34,,0
112,2001,269,2400,13.34,,0
112,2001,270,2400,13.28,,0
112,2001,270,2400,13.28,,0
112,2001,271,2400,13.24,,0
112,2001,271,2400,13.24,,0
112,2001,272,2400,13.34,,0
112,2001,272,2400,13.34,,0
112,2001,273,2400,13.32,,0
112,2001,273,2400,13.32,,0
112,2001,274,2400,13.3,,0
112,2001,274,2400,13.3,,0
112,2001,275,2400,13.21,,0
112,2001,275,2400,13.21,,0
112,2001,276,2400,13.21,,0
112,2001,276,2400,13.21,,0
112,2001,277,2400,13.2,,0
112,2001,277,2400,13.2,,0
112,2001,278,2400,13.21,,0
112,2001,278,2400,13.21,,0
112,2001,279,2400,13.17,,0.39
112,2001,279,2400,13.17,,0.39
112,2001,280,2400,13.35,,0.06
112,2001,280,2400,13.35,,0.06
112,2001,281,2400,13.35,,0
112,2001,281,2400,13.35,,0
112,2001,282,2400,13.35,,0
112,2001,282,2400,13.35,,0
112,2001,283,2400,13.3,,0
112,2001,283,2400,13.3,,0
112,2001,284,2400,13.27,,0
112,2001,284,2400,13.27,,0
112,2001,285,2400,13.26,,0
112,2001,285,2400,13.26,,0
112,2001,286,2400,13.27,,0
112,2001,286,2400,13.27,,0
112,2001,287,2400,13.25,,0.06
112,2001,287,2400,13.25,,0.06
