1,WAC-004,nmb2,5/16/2005,10,33.8,2200,45,1,3.46,0.53,3,0.03,0.03,0.03,0.03,0.04,0.04,0.05,0,0,0,0,1.78,SE,8.1,SW
2,WAC-004,nmb2,5/25/2005,10,33,4300,180,2,6.65,0.95,3,0.52,0.52,0.52,0.52,0.87,0.87,0.87,0.01,0,0,0,2.94,N,0.35,N
3,WAC-004,nmb2,5/31/2005,10,34.3,2100,225,2,5.31,0.37,1,0.55,0.55,0.55,0.61,0.61,0.62,1.14,0,0,0.06,0,8.57,NE,5.35,NE
4,WAC-004,nmb2,6/2/2005,20,32,4300,1,2,5.72,0.18,0,0.41,0.43,0.43,0.98,1.04,1.04,1.04,0,0.02,0.55,0,2.92,SE,11.02,E
5,WAC-004,nmb2,5/16/2006,10,34.1,2000,45,2,5.44,0.87,0,0.01,0.51,0.51,0.51,0.51,0.51,0.51,0,0.5,0,0,4.5,SW,10.45,SW
6,WAC-004,nmb2,5/21/2006,10,35,4300,1,2,5.27,0.35,0,0.42,0.45,0.45,0.47,0.47,0.48,0.98,0,0.03,0.02,0,6.74,W,8.81,SW
7,WAC-004,nmb2,6/4/2006,10,34.4,2100,1,0,3.54,0.57,7,0.89,0.89,0.89,0.89,0.89,0.89,0.89,0,0,0,0,6.46,S,2.31,SW
8,WAC-004,nmb2,6/6/2006,10,35,4300,1,0,4.09,0.75,1,0.95,0.95,0.95,1.84,1.84,1.84,1.84,0.01,0,0.89,0,4.44,N,4.23,N
9,WAC-004,nmb2,6/7/2006,10,34,2000,1,0,4.54,0.83,0,0.95,1.9,1.9,2.79,2.79,2.79,2.79,0.01,0.95,0,0.89,13.53,SW,4.44,N
10,WAC-004,nmb2,6/9/2006,10,34,4300,1,0,5.37,0.95,0,1.77,1.79,1.79,3.69,3.69,4.58,4.58,0.01,0.02,0.95,0.95,5.77,SW,9.82,SW
11,WAC-004,nmb2,6/16/2006,10,33.9,2100,45,0,5.75,0.71,0,0.04,0.14,0.14,3.77,3.77,3.77,3.78,0,0.1,0.34,3.29,3.44,SE,1.9,SE
12,WAC-004,nmb2,6/28/2006,10,32.4,2000,45,0,4.97,0.09,0,0.09,0.35,0.35,0.61,0.61,0.61,0.66,0,0.26,0.24,0.02,4.47,S,7.15,S
13,WAC-005,nmb2,5/16/2005,10,33.9,2200,45,1,3.46,0.53,3,0.03,0.03,0.03,0.03,0.04,0.04,0.05,0,0,0,0,1.78,SE,8.1,SW
14,WAC-005,nmb2,5/25/2005,10,33,4300,180,2,6.65,0.95,3,0.52,0.52,0.52,0.52,0.87,0.87,0.87,0.01,0,0,0,2.94,N,0.35,N
15,WAC-005,nmb2,5/31/2005,10,34.4,2100,225,2,5.31,0.37,1,0.55,0.55,0.55,0.61,0.61,0.62,1.14,0,0,0.06,0,8.57,NE,5.35,NE
16,WAC-005,nmb2,6/2/2005,10,32,4300,1,2,5.72,0.18,0,0.41,0.43,0.43,0.98,1.04,1.04,1.04,0,0.02,0.55,0,2.92,SE,11.02,E
17,WAC-005,nmb2,5/16/2006,10,34,2000,45,2,5.44,0.87,0,0.01,0.51,0.51,0.51,0.51,0.51,0.51,0,0.5,0,0,4.5,SW,10.45,SW
18,WAC-005,nmb2,5/21/2006,10,35,4300,1,2,5.27,0.35,0,0.42,0.45,0.45,0.47,0.47,0.48,0.98,0,0.03,0.02,0,6.74,W,8.81,SW
19,WAC-005,nmb2,6/4/2006,10,34,2000,1,0,3.54,0.57,7,0.89,0.89,0.89,0.89,0.89,0.89,0.89,0,0,0,0,6.46,S,2.31,SW
20,WAC-005,nmb2,6/6/2006,10,35,4300,1,0,4.09,0.75,1,0.95,0.95,0.95,1.84,1.84,1.84,1.84,0.01,0,0.89,0,4.44,N,4.23,N
21,WAC-005,nmb2,6/7/2006,10,34,2000,1,0,4.54,0.83,0,0.95,1.9,1.9,2.79,2.79,2.79,2.79,0.01,0.95,0,0.89,13.53,SW,4.44,N
22,WAC-005,nmb2,6/9/2006,10,34,4300,1,0,5.37,0.95,0,1.77,1.79,1.79,3.69,3.69,4.58,4.58,0.01,0.02,0.95,0.95,5.77,SW,9.82,SW
23,WAC-005,nmb2,6/16/2006,10,33.9,2100,45,0,5.75,0.71,0,0.04,0.14,0.14,3.77,3.77,3.77,3.78,0,0.1,0.34,3.29,3.44,SE,1.9,SE
24,WAC-005,nmb2,6/28/2006,10,32.4,2000,45,0,4.97,0.09,0,0.09,0.35,0.35,0.61,0.61,0.61,0.66,0,0.26,0.24,0.02,4.47,S,7.15,S
25,WAC-006,nmb2,5/16/2005,10,34.1,2100,45,1,3.46,0.53,3,0.03,0.03,0.03,0.03,0.04,0.04,0.05,0,0,0,0,1.78,SE,8.1,SW
26,WAC-006,nmb2,5/25/2005,10,33,4300,180,2,6.65,0.95,3,0.52,0.52,0.52,0.52,0.87,0.87,0.87,0.01,0,0,0,2.94,N,0.35,N
27,WAC-006,nmb2,5/31/2005,10,34,2100,225,2,5.31,0.37,1,0.55,0.55,0.55,0.61,0.61,0.62,1.14,0,0,0.06,0,8.57,NE,5.35,NE
28,WAC-006,nmb2,6/2/2005,10,33,4300,1,2,5.72,0.18,0,0.41,0.43,0.43,0.98,1.04,1.04,1.04,0,0.02,0.55,0,2.92,SE,11.02,E
29,WAC-006,nmb2,5/16/2006,20,33.9,2000,45,1,5.44,0.87,0,0.01,0.51,0.51,0.51,0.51,0.51,0.51,0,0.5,0,0,4.5,SW,10.45,SW
30,WAC-006,nmb2,5/21/2006,10,35,4300,1,2,5.27,0.35,0,0.42,0.45,0.45,0.47,0.47,0.48,0.98,0,0.03,0.02,0,6.74,W,8.81,SW
31,WAC-006,nmb2,6/4/2006,10,33.2,2000,1,0,3.54,0.57,7,0.89,0.89,0.89,0.89,0.89,0.89,0.89,0,0,0,0,6.46,S,2.31,SW
32,WAC-006,nmb2,6/6/2006,10,34,4300,1,0,4.09,0.75,1,0.95,0.95,0.95,1.84,1.84,1.84,1.84,0.01,0,0.89,0,4.44,N,4.23,N
33,WAC-006,nmb2,6/7/2006,10,34,2000,1,0,4.54,0.83,0,0.95,1.9,1.9,2.79,2.79,2.79,2.79,0.01,0.95,0,0.89,13.53,SW,4.44,N
34,WAC-006,nmb2,6/9/2006,10,34,4300,1,0,5.37,0.95,0,1.77,1.79,1.79,3.69,3.69,4.58,4.58,0.01,0.02,0.95,0.95,5.77,SW,9.82,SW
35,WAC-006,nmb2,6/16/2006,10,34.1,2100,45,0,5.75,0.71,0,0.04,0.14,0.14,3.77,3.77,3.77,3.78,0,0.1,0.34,3.29,3.44,SE,1.9,SE
36,WAC-006,nmb2,6/28/2006,10,32.5,4300,45,0,4.97,0.09,0,0.09,0.35,0.35,0.61,0.61,0.61,0.66,0,0.26,0.24,0.02,4.47,S,7.15,S
37,WAC-007,nmb2,5/16/2005,10,34,2100,45,1,3.46,0.53,3,0.03,0.03,0.03,0.03,0.04,0.04,0.05,0,0,0,0,1.78,SE,8.1,SW
38,WAC-007,nmb2,5/25/2005,10,33,4300,180,2,6.65,0.95,3,0.52,0.52,0.52,0.52,0.87,0.87,0.87,0.01,0,0,0,2.94,N,0.35,N
39,WAC-007,nmb2,5/31/2005,10,34.2,2100,225,2,5.31,0.37,1,0.55,0.55,0.55,0.61,0.61,0.62,1.14,0,0,0.06,0,8.57,NE,5.35,NE
40,WAC-007,nmb2,6/2/2005,10,33,4300,1,2,5.72,0.18,0,0.41,0.43,0.43,0.98,1.04,1.04,1.04,0,0.02,0.55,0,2.92,SE,11.02,E
41,WAC-007,nmb2,5/16/2006,10,34.1,2000,45,1,5.44,0.87,0,0.01,0.51,0.51,0.51,0.51,0.51,0.51,0,0.5,0,0,4.5,SW,10.45,SW
42,WAC-007,nmb2,5/21/2006,10,35,4300,1,2,5.27,0.35,0,0.42,0.45,0.45,0.47,0.47,0.48,0.98,0,0.03,0.02,0,6.74,W,8.81,SW
43,WAC-007,nmb2,6/4/2006,10,33.1,2000,1,0,3.54,0.57,7,0.89,0.89,0.89,0.89,0.89,0.89,0.89,0,0,0,0,6.46,S,2.31,SW
44,WAC-007,nmb2,6/6/2006,10,34,4300,1,0,4.09,0.75,1,0.95,0.95,0.95,1.84,1.84,1.84,1.84,0.01,0,0.89,0,4.44,N,4.23,N
45,WAC-007,nmb2,6/7/2006,10,34,2000,1,0,4.54,0.83,0,0.95,1.9,1.9,2.79,2.79,2.79,2.79,0.01,0.95,0,0.89,13.53,SW,4.44,N
46,WAC-007,nmb2,6/9/2006,10,34,4300,1,0,5.37,0.95,0,1.77,1.79,1.79,3.69,3.69,4.58,4.58,0.01,0.02,0.95,0.95,5.77,SW,9.82,SW
47,WAC-007,nmb2,6/16/2006,20,34,2100,45,0,5.75,0.71,0,0.04,0.14,0.14,3.77,3.77,3.77,3.78,0,0.1,0.34,3.29,3.44,SE,1.9,SE
48,WAC-007,nmb2,6/28/2006,20,32.4,4300,45,0,4.97,0.09,0,0.09,0.35,0.35,0.61,0.61,0.61,0.66,0,0.26,0.24,0.02,4.47,S,7.15,S
49,WAC-008,nmb3,5/16/2006,10,34.1,2000,45,1,5.44,0.87,0,0.02,0.47,0.47,0.47,0.47,0.47,0.47,0,0.45,0,0,4.5,SW,10.45,SW
50,WAC-008,nmb3,5/21/2006,52,35,4300,1,2,5.27,0.35,0,0.44,0.46,0.5,0.5,0.5,0.52,0.97,0,0.02,0.04,0,6.74,W,8.81,SW
51,WAC-008,nmb3,6/4/2006,10,33.5,2000,1,0,3.54,0.57,7,0.35,0.35,0.35,0.35,0.35,0.35,0.35,0,0,0,0,6.46,S,2.31,SW
52,WAC-008,nmb3,6/6/2006,10,34,4300,1,0,4.09,0.75,0,0.88,0.89,1.24,1.24,1.24,1.24,1.24,0.01,0.01,0.35,0,4.44,N,4.23,N
53,WAC-008,nmb3,6/7/2006,10,34,2000,1,0,4.54,0.83,0,0.43,1.31,1.32,1.67,1.67,1.67,1.67,0,0.88,0.01,0.35,13.53,SW,4.44,N
54,WAC-008,nmb3,6/9/2006,10,34,4300,1,0,5.37,0.95,0,1.98,1.99,2.42,3.3,3.31,3.66,3.66,0.01,0.01,0.43,0.88,5.77,SW,9.82,SW
55,WAC-008,nmb3,6/16/2006,10,33.9,2100,45,0,5.75,0.71,0,0.03,0.21,0.55,4.9,4.9,4.9,4.9,0,0.18,0.34,4.35,3.44,SE,1.9,SE
56,WAC-008,nmb3,6/28/2006,10,32.4,4300,45,0,4.97,0.09,0,0.19,1.04,1.26,1.26,1.26,1.26,1.31,0,0.85,0.22,0,4.47,S,7.15,S
57,WAC-008,nmb3,7/7/2006,10,35.4,4300,180,2,4.95,0.86,6,0.45,0.45,0.45,0.45,0.45,0.45,0.45,0,0,0,0,6.78,NE,4.07,NE
58,WAC-008,nmb3,7/13/2006,10,34.9,4300,45,0,6.65,0.91,5,0.03,0.03,0.03,0.03,0.03,0.03,0.48,0,0,0,0,14.17,SW,10.76,SW
59,WAC-008,nmb3,7/17/2006,10,34.8,2100,1,0,5.89,0.51,0,0.02,0.59,0.59,0.59,0.62,0.62,0.62,0,0.57,0,0,2.64,SE,2.81,NE
60,WAC-008,nmb3,7/24/2006,10,34.7,2000,1,0,5.57,0,6,0.26,0.26,0.26,0.26,0.26,0.26,0.26,0.01,0,0,0,2.77,SE,6.03,SW
61,WAC-008,nmb3,7/26/2006,10,35,4300,135,1,5.28,0.02,0,0.08,1.53,1.79,1.79,1.79,1.79,1.79,0,1.45,0.26,0,3.84,S,3.99,SW
62,WAC-009,nmb3,5/16/2006,10,34,2000,45,1,5.44,0.87,0,0.02,0.47,0.47,0.47,0.47,0.47,0.47,0,0.45,0,0,4.5,SW,10.45,SW
63,WAC-009,nmb3,5/21/2006,20,35,4300,1,2,5.27,0.35,0,0.44,0.46,0.5,0.5,0.5,0.52,0.97,0,0.02,0.04,0,6.74,W,8.81,SW
64,WAC-009,nmb3,6/4/2006,75,32.9,2000,1,0,3.54,0.57,7,0.35,0.35,0.35,0.35,0.35,0.35,0.35,0,0,0,0,6.46,S,2.31,SW
65,WAC-009,nmb3,6/6/2006,10,34,4300,1,0,4.09,0.75,0,0.88,0.89,1.24,1.24,1.24,1.24,1.24,0.01,0.01,0.35,0,4.44,N,4.23,N
66,WAC-009,nmb3,6/7/2006,10,34,2000,1,0,4.54,0.83,0,0.43,1.31,1.32,1.67,1.67,1.67,1.67,0,0.88,0.01,0.35,13.53,SW,4.44,N
67,WAC-009,nmb3,6/9/2006,10,34,4300,1,0,5.37,0.95,0,1.98,1.99,2.42,3.3,3.31,3.66,3.66,0.01,0.01,0.43,0.88,5.77,SW,9.82,SW
68,WAC-009,nmb3,6/16/2006,75,34.1,2100,45,0,5.75,0.71,0,0.03,0.21,0.55,4.9,4.9,4.9,4.9,0,0.18,0.34,4.35,3.44,SE,1.9,SE
69,WAC-009,nmb3,6/28/2006,10,32.7,4300,45,0,4.97,0.09,0,0.19,1.04,1.26,1.26,1.26,1.26,1.31,0,0.85,0.22,0,4.47,S,7.15,S
70,WAC-009,nmb3,7/7/2006,10,35.5,4300,180,2,4.95,0.86,6,0.45,0.45,0.45,0.45,0.45,0.45,0.45,0,0,0,0,6.78,NE,4.07,NE
71,WAC-009,nmb3,7/13/2006,10,35,4300,45,0,6.65,0.91,5,0.03,0.03,0.03,0.03,0.03,0.03,0.48,0,0,0,0,14.17,SW,10.76,SW
72,WAC-009,nmb3,7/17/2006,10,34.7,2100,1,0,5.89,0.51,0,0.02,0.59,0.59,0.59,0.62,0.62,0.62,0,0.57,0,0,2.64,SE,2.81,NE
73,WAC-009,nmb3,7/24/2006,10,34.6,2000,1,0,5.57,0,6,0.26,0.26,0.26,0.26,0.26,0.26,0.26,0.01,0,0,0,2.77,SE,6.03,SW
74,WAC-009,nmb3,7/26/2006,10,35,4300,135,1,5.28,0.02,0,0.08,1.53,1.79,1.79,1.79,1.79,1.79,0,1.45,0.26,0,3.84,S,3.99,SW
75,WAC-009A,nmb3,5/16/2006,10,34,4300,45,1,5.44,0.87,0,0.02,0.47,0.47,0.47,0.47,0.47,0.47,0,0.45,0,0,4.5,SW,10.45,SW
76,WAC-009A,nmb3,5/21/2006,10,35,4300,1,2,5.27,0.35,0,0.44,0.46,0.5,0.5,0.5,0.52,0.97,0,0.02,0.04,0,6.74,W,8.81,SW
77,WAC-009A,nmb3,6/4/2006,354,31.8,2000,1,0,3.54,0.57,7,0.35,0.35,0.35,0.35,0.35,0.35,0.35,0,0,0,0,6.46,S,2.31,SW
78,WAC-009A,nmb3,6/6/2006,712,18,4300,1,0,4.09,0.75,0,0.88,0.89,1.24,1.24,1.24,1.24,1.24,0.01,0.01,0.35,0,4.44,N,4.23,N
79,WAC-009A,nmb3,6/7/2006,10,34,4300,1,0,4.54,0.83,0,0.43,1.31,1.32,1.67,1.67,1.67,1.67,0,0.88,0.01,0.35,13.53,SW,4.44,N
80,WAC-009A,nmb3,6/9/2006,10,34,4300,1,0,5.37,0.95,0,1.98,1.99,2.42,3.3,3.31,3.66,3.66,0.01,0.01,0.43,0.88,5.77,SW,9.82,SW
81,WAC-009A,nmb3,6/15/2006,20,34,2000,1,1,5.91,0.81,0,0.18,0.52,4.87,4.87,4.87,4.87,6.85,0,0.34,4.35,0,1.9,SE,6.3,SW
82,WAC-009A,nmb3,6/28/2006,20,32.7,4300,45,0,4.97,0.09,0,0.19,1.04,1.26,1.26,1.26,1.26,1.31,0,0.85,0.22,0,4.47,S,7.15,S
83,WAC-009A,nmb3,7/7/2006,31,35.5,4300,180,2,4.95,0.86,6,0.45,0.45,0.45,0.45,0.45,0.45,0.45,0,0,0,0,6.78,NE,4.07,NE
84,WAC-009A,nmb3,7/13/2006,20,35.1,4300,45,0,6.65,0.91,5,0.03,0.03,0.03,0.03,0.03,0.03,0.48,0,0,0,0,14.17,SW,10.76,SW
85,WAC-009A,nmb3,7/17/2006,86,34.7,2100,1,0,5.89,0.51,0,0.02,0.59,0.59,0.59,0.62,0.62,0.62,0,0.57,0,0,2.64,SE,2.81,NE
86,WAC-009A,nmb3,7/24/2006,10,34.6,2000,1,0,5.57,0,6,0.26,0.26,0.26,0.26,0.26,0.26,0.26,0.01,0,0,0,2.77,SE,6.03,SW
87,WAC-009A,nmb3,7/26/2006,10,35,4200,135,1,5.28,0.02,0,0.08,1.53,1.79,1.79,1.79,1.79,1.79,0,1.45,0.26,0,3.84,S,3.99,SW
88,WAC-010,nmb3,5/16/2006,10,34.1,4300,45,1,5.44,0.87,0,0.02,0.47,0.47,0.47,0.47,0.47,0.47,0,0.45,0,0,4.5,SW,10.45,SW
89,WAC-010,nmb3,5/21/2006,10,35,4300,1,2,5.27,0.35,0,0.44,0.46,0.5,0.5,0.5,0.52,0.97,0,0.02,0.04,0,6.74,W,8.81,SW
90,WAC-010,nmb3,6/4/2006,10,33.3,2000,1,0,3.54,0.57,7,0.35,0.35,0.35,0.35,0.35,0.35,0.35,0,0,0,0,6.46,S,2.31,SW
91,WAC-010,nmb3,6/6/2006,10,34,4200,1,0,4.09,0.75,0,0.88,0.89,1.24,1.24,1.24,1.24,1.24,0.01,0.01,0.35,0,4.44,N,4.23,N
92,WAC-010,nmb3,6/9/2006,10,35,4300,1,0,5.37,0.95,0,1.98,1.99,2.42,3.3,3.31,3.66,3.66,0.01,0.01,0.43,0.88,5.77,SW,9.82,SW
93,WAC-010,nmb3,6/15/2006,99,33.5,2000,1,1,5.91,0.81,0,0.18,0.52,4.87,4.87,4.87,4.87,6.85,0,0.34,4.35,0,1.9,SE,6.3,SW
94,WAC-010,nmb3,6/28/2006,10,32.7,4300,45,0,4.97,0.09,0,0.19,1.04,1.26,1.26,1.26,1.26,1.31,0,0.85,0.22,0,4.47,S,7.15,S
95,WAC-010,nmb3,7/7/2006,254,34.8,4300,180,2,4.95,0.86,6,0.45,0.45,0.45,0.45,0.45,0.45,0.45,0,0,0,0,6.78,NE,4.07,NE
96,WAC-010,nmb3,7/13/2006,10,35.1,4300,45,0,6.65,0.91,5,0.03,0.03,0.03,0.03,0.03,0.03,0.48,0,0,0,0,14.17,SW,10.76,SW
97,WAC-010,nmb3,7/17/2006,20,34.8,2100,1,0,5.89,0.51,0,0.02,0.59,0.59,0.59,0.62,0.62,0.62,0,0.57,0,0,2.64,SE,2.81,NE
98,WAC-010,nmb3,7/24/2006,10,34.6,2000,1,0,5.57,0,6,0.26,0.26,0.26,0.26,0.26,0.26,0.26,0.01,0,0,0,2.77,SE,6.03,SW
99,WAC-010,nmb3,7/26/2006,10,35,4200,135,1,5.28,0.02,0,0.08,1.53,1.79,1.79,1.79,1.79,1.79,0,1.45,0.26,0,3.84,S,3.99,SW
100,WAC-011,nmb3,5/16/2006,10,34.2,4300,45,1,5.44,0.87,0,0.02,0.47,0.47,0.47,0.47,0.47,0.47,0,0.45,0,0,4.5,SW,10.45,SW
101,WAC-011,nmb3,6/4/2006,10,33.3,2000,1,0,3.54,0.57,7,0.35,0.35,0.35,0.35,0.35,0.35,0.35,0,0,0,0,6.46,S,2.31,SW
102,WAC-011,nmb3,6/6/2006,10,34,4200,1,0,4.09,0.75,0,0.88,0.89,1.24,1.24,1.24,1.24,1.24,0.01,0.01,0.35,0,4.44,N,4.23,N
103,WAC-011,nmb3,6/9/2006,10,35,4300,1,0,5.37,0.95,0,1.98,1.99,2.42,3.3,3.31,3.66,3.66,0.01,0.01,0.43,0.88,5.77,SW,9.82,SW
104,WAC-011,nmb3,6/15/2006,10,34.1,2000,1,1,5.91,0.81,0,0.18,0.52,4.87,4.87,4.87,4.87,6.85,0,0.34,4.35,0,1.9,SE,6.3,SW
105,WAC-011,nmb3,6/28/2006,10,32.5,4300,45,0,4.97,0.09,0,0.19,1.04,1.26,1.26,1.26,1.26,1.31,0,0.85,0.22,0,4.47,S,7.15,S
106,WAC-011,nmb3,7/7/2006,111,35.1,4300,180,2,4.95,0.86,6,0.45,0.45,0.45,0.45,0.45,0.45,0.45,0,0,0,0,6.78,NE,4.07,NE
107,WAC-011,nmb3,7/13/2006,10,35.1,4300,45,0,6.65,0.91,5,0.03,0.03,0.03,0.03,0.03,0.03,0.48,0,0,0,0,14.17,SW,10.76,SW
108,WAC-011,nmb3,7/17/2006,10,34.9,2100,1,0,5.89,0.51,0,0.02,0.59,0.59,0.59,0.62,0.62,0.62,0,0.57,0,0,2.64,SE,2.81,NE
109,WAC-011,nmb3,7/24/2006,10,34.8,2000,1,1,5.57,0,6,0.26,0.26,0.26,0.26,0.26,0.26,0.26,0.01,0,0,0,2.77,SE,6.03,SW
110,WAC-011,nmb3,7/26/2006,10,35,4200,135,1,5.28,0.02,0,0.08,1.53,1.79,1.79,1.79,1.79,1.79,0,1.45,0.26,0,3.84,S,3.99,SW
111,WAC-012,mb1,5/16/2005,10,33.6,2100,1,2,3.46,0.53,8,0.06,0.06,0.06,0.06,0.06,0.06,0.06,0,0,0,0,1.78,SE,8.1,SW
112,WAC-012,mb1,5/25/2005,10,33,2000,180,2,6.65,0.95,2,0.5,0.5,0.5,0.51,0.78,0.78,0.78,0.01,0,0,0.01,2.94,N,0.35,N
113,WAC-012,mb1,5/31/2005,31,34.2,2000,225,2,5.31,0.37,1,0.73,0.73,0.84,0.84,0.84,0.84,1.34,0,0,0.11,0,8.57,NE,5.35,NE
114,WAC-012,mb1,6/2/2005,30,33,2000,1,2,5.72,0.18,0,0.48,0.5,1.23,1.23,1.34,1.34,1.34,0,0.02,0.73,0,2.92,SE,11.02,E
115,WAC-012,mb1,7/4/2005,10,35,4200,180,22,5.35,0.03,0,0.2,0.22,0.22,0.23,-1,-1,-1,0,0.02,0,0.01,4.23,SE,5.5,E
116,WAC-012,mb1,7/14/2005,31,33.9,2100,45,1,4.23,0.51,0,0.06,0.07,0.07,0.07,0.07,0.65,0.65,0,0.01,0,0,7.27,SW,5.22,SW
117,WAC-012,mb1,7/31/2005,183,34,2000,1,2,4.79,0.17,8,1.19,1.19,1.19,1.19,1.19,1.19,1.19,0.01,0,0,0,3.22,NE,3.98,SE
118,WAC-012,mb1,8/1/2005,10,33.9,2000,225,2,4.78,0.11,0,2.21,3.4,3.4,3.4,3.4,3.4,3.4,0.01,1.19,0,0,4.07,NE,3.22,NE
119,WAC-012,mb1,8/9/2005,135,32.7,4300,1,1,4.37,0.18,0,1.53,1.84,1.98,1.98,1.98,1.98,1.98,0.01,0.31,0.14,0,3.1,S,5.22,NE
120,WAC-012,mb1,9/15/2005,74,30.9,2000,1,0,6.41,0.92,0,3.48,5.12,5.85,5.85,5.85,5.85,5.85,0,1.64,0.73,0,3.79,NW,12.15,NW
121,WAC-012,mb1,9/27/2005,10,33.2,2200,1,2,3.82,0.28,7,0.04,0.04,0.04,0.04,0.04,0.04,0.04,0,0,0,0,4.12,NE,9.06,SW
122,WAC-012,mb1,10/12/2005,479,30.7,2100,1,22,5.24,0.71,0,0.06,0.55,0.55,1.54,3.81,6.55,7.42,0,0.49,0,0.99,8.61,NE,9.67,NE
123,WAC-012,mb1,5/16/2006,10,34,4300,45,1,5.44,0.87,0,0.03,0.36,0.36,0.36,0.36,0.36,0.36,0,0.33,0,0,4.5,SW,10.45,SW
124,WAC-012,mb1,5/21/2006,10,35,4300,1,2,5.27,0.35,0,0.35,0.37,0.46,0.46,0.46,0.49,0.82,0,0.02,0.09,0,6.74,W,8.81,SW
125,WAC-012,mb1,5/28/2006,10,34,4300,180,1,6.3,0.03,0,0.06,0.85,0.85,0.85,0.85,0.85,0.91,0,0.79,0,0,3.12,E,1.45,W
126,WAC-012,mb1,6/4/2006,31,33.5,2000,1,0,3.54,0.57,6,1.2,1.2,1.2,1.2,1.2,1.2,1.2,0.01,0,0,0,6.46,S,2.31,SW
127,WAC-012,mb1,6/6/2006,10,34,4200,1,0,4.09,0.75,1,1.18,1.18,2.38,2.38,2.38,2.38,2.38,0.01,0,1.2,0,4.44,N,4.23,N
128,WAC-012,mb1,6/9/2006,10,34,4200,1,0,5.37,0.95,1,1.58,1.58,1.8,2.98,2.98,4.18,4.18,0.01,0,0.22,1.18,5.77,SW,9.82,SW
129,WAC-012,mb1,6/15/2006,10,34.2,2000,1,1,5.91,0.81,0,0.24,0.6,2.12,2.12,2.12,2.13,3.71,0,0.36,1.52,0,1.9,SE,6.3,SW
130,WAC-013,mb1,5/16/2005,10,33.7,2100,1,2,3.46,0.53,8,0.06,0.06,0.06,0.06,0.06,0.06,0.06,0,0,0,0,1.78,SE,8.1,SW
131,WAC-013,mb1,5/25/2005,10,33,2000,180,2,6.65,0.95,2,0.5,0.5,0.5,0.51,0.78,0.78,0.78,0.01,0,0,0.01,2.94,N,0.35,N
132,WAC-013,mb1,5/31/2005,10,34.5,2000,225,2,5.31,0.37,1,0.73,0.73,0.84,0.84,0.84,0.84,1.34,0,0,0.11,0,8.57,NE,5.35,NE
133,WAC-013,mb1,6/2/2005,20,33,2000,1,2,5.72,0.18,0,0.48,0.5,1.23,1.23,1.34,1.34,1.34,0,0.02,0.73,0,2.92,SE,11.02,E
134,WAC-013,mb1,7/4/2005,10,35,4200,180,22,5.35,0.03,0,0.2,0.22,0.22,0.23,-1,-1,-1,0,0.02,0,0.01,4.23,SE,5.5,E
135,WAC-013,mb1,7/14/2005,75,33.9,2100,45,1,4.23,0.51,0,0.06,0.07,0.07,0.07,0.07,0.65,0.65,0,0.01,0,0,7.27,SW,5.22,SW
136,WAC-013,mb1,7/31/2005,171,34,2000,1,2,4.79,0.17,8,1.19,1.19,1.19,1.19,1.19,1.19,1.19,0.01,0,0,0,3.22,NE,3.98,SE
137,WAC-013,mb1,8/1/2005,20,33.3,2000,225,2,4.78,0.11,0,2.21,3.4,3.4,3.4,3.4,3.4,3.4,0.01,1.19,0,0,4.07,NE,3.22,NE
138,WAC-013,mb1,8/9/2005,96,33.2,4300,1,1,4.37,0.18,0,1.53,1.84,1.98,1.98,1.98,1.98,1.98,0.01,0.31,0.14,0,3.1,S,5.22,NE
139,WAC-013,mb1,9/15/2005,63,31.8,2000,1,0,6.41,0.92,0,3.48,5.12,5.85,5.85,5.85,5.85,5.85,0,1.64,0.73,0,3.79,NW,12.15,NW
140,WAC-013,mb1,9/27/2005,10,33,2200,1,2,3.82,0.28,7,0.04,0.04,0.04,0.04,0.04,0.04,0.04,0,0,0,0,4.12,NE,9.06,SW
141,WAC-013,mb1,10/12/2005,134,30.6,2100,1,22,5.24,0.71,0,0.06,0.55,0.55,1.54,3.81,6.55,7.42,0,0.49,0,0.99,8.61,NE,9.67,NE
142,WAC-013,mb1,5/16/2006,10,33.7,4300,45,1,5.44,0.87,0,0.03,0.36,0.36,0.36,0.36,0.36,0.36,0,0.33,0,0,4.5,SW,10.45,SW
143,WAC-013,mb1,5/21/2006,20,34,4300,1,2,5.27,0.35,0,0.35,0.37,0.46,0.46,0.46,0.49,0.82,0,0.02,0.09,0,6.74,W,8.81,SW
144,WAC-013,mb1,5/28/2006,10,34,4300,180,1,6.3,0.03,0,0.06,0.85,0.85,0.85,0.85,0.85,0.91,0,0.79,0,0,3.12,E,1.45,W
145,WAC-013,mb1,6/4/2006,10,33.6,2000,1,0,3.54,0.57,6,1.2,1.2,1.2,1.2,1.2,1.2,1.2,0.01,0,0,0,6.46,S,2.31,SW
146,WAC-013,mb1,6/6/2006,10,34,4200,1,0,4.09,0.75,1,1.18,1.18,2.38,2.38,2.38,2.38,2.38,0.01,0,1.2,0,4.44,N,4.23,N
147,WAC-013,mb1,6/9/2006,10,34,4200,1,0,5.37,0.95,1,1.58,1.58,1.8,2.98,2.98,4.18,4.18,0.01,0,0.22,1.18,5.77,SW,9.82,SW
148,WAC-013,mb1,6/15/2006,10,34.3,2000,1,1,5.91,0.81,0,0.24,0.6,2.12,2.12,2.12,2.13,3.71,0,0.36,1.52,0,1.9,SE,6.3,SW
149,WAC-014,mb1,5/16/2005,31,33.5,2100,1,2,3.46,0.53,8,0.06,0.06,0.06,0.06,0.06,0.06,0.06,0,0,0,0,1.78,SE,8.1,SW
150,WAC-014,mb1,5/25/2005,10,33,2000,180,2,6.65,0.95,2,0.5,0.5,0.5,0.51,0.78,0.78,0.78,0.01,0,0,0.01,2.94,N,0.35,N
151,WAC-014,mb1,5/31/2005,10,34.4,2000,225,2,5.31,0.37,1,0.73,0.73,0.84,0.84,0.84,0.84,1.34,0,0,0.11,0,8.57,NE,5.35,NE
152,WAC-014,mb1,6/2/2005,10,33,2000,1,2,5.72,0.18,0,0.48,0.5,1.23,1.23,1.34,1.34,1.34,0,0.02,0.73,0,2.92,SE,11.02,E
153,WAC-014,mb1,7/4/2005,10,35,4200,180,22,5.35,0.03,0,0.2,0.22,0.22,0.23,-1,-1,-1,0,0.02,0,0.01,4.23,SE,5.5,E
154,WAC-014,mb1,7/14/2005,99,33.5,2100,45,1,4.23,0.51,0,0.06,0.07,0.07,0.07,0.07,0.65,0.65,0,0.01,0,0,7.27,SW,5.22,SW
155,WAC-014,mb1,7/31/2005,221,34,4300,1,2,4.79,0.17,8,1.19,1.19,1.19,1.19,1.19,1.19,1.19,0.01,0,0,0,3.22,NE,3.98,SE
156,WAC-014,mb1,8/1/2005,20,34,2000,225,2,4.78,0.11,0,2.21,3.4,3.4,3.4,3.4,3.4,3.4,0.01,1.19,0,0,4.07,NE,3.22,NE
157,WAC-014,mb1,8/9/2005,74,33.5,4300,1,1,4.37,0.18,0,1.53,1.84,1.98,1.98,1.98,1.98,1.98,0.01,0.31,0.14,0,3.1,S,5.22,NE
158,WAC-014,mb1,9/15/2005,20,31.9,2000,1,0,6.41,0.92,0,3.48,5.12,5.85,5.85,5.85,5.85,5.85,0,1.64,0.73,0,3.79,NW,12.15,NW
159,WAC-014,mb1,9/27/2005,10,33.4,2200,1,2,3.82,0.28,7,0.04,0.04,0.04,0.04,0.04,0.04,0.04,0,0,0,0,4.12,NE,9.06,SW
160,WAC-014,mb1,10/12/2005,63,30.9,2100,1,22,5.24,0.71,0,0.06,0.55,0.55,1.54,3.81,6.55,7.42,0,0.49,0,0.99,8.61,NE,9.67,NE
161,WAC-014,mb1,5/16/2006,10,33.6,4300,45,1,5.44,0.87,0,0.03,0.36,0.36,0.36,0.36,0.36,0.36,0,0.33,0,0,4.5,SW,10.45,SW
162,WAC-014,mb1,5/21/2006,20,34,4300,1,2,5.27,0.35,0,0.35,0.37,0.46,0.46,0.46,0.49,0.82,0,0.02,0.09,0,6.74,W,8.81,SW
163,WAC-014,mb1,5/28/2006,10,34,4300,180,1,6.3,0.03,0,0.06,0.85,0.85,0.85,0.85,0.85,0.91,0,0.79,0,0,3.12,E,1.45,W
164,WAC-014,mb1,6/4/2006,31,33.1,4300,1,0,3.54,0.57,6,1.2,1.2,1.2,1.2,1.2,1.2,1.2,0.01,0,0,0,6.46,S,2.31,SW
165,WAC-014,mb1,6/6/2006,10,34,4200,1,0,4.09,0.75,1,1.18,1.18,2.38,2.38,2.38,2.38,2.38,0.01,0,1.2,0,4.44,N,4.23,N
166,WAC-014,mb1,6/9/2006,41,34,4200,1,0,5.37,0.95,1,1.58,1.58,1.8,2.98,2.98,4.18,4.18,0.01,0,0.22,1.18,5.77,SW,9.82,SW
167,WAC-014,mb1,6/15/2006,64,34.2,2000,1,1,5.91,0.81,0,0.24,0.6,2.12,2.12,2.12,2.13,3.71,0,0.36,1.52,0,1.9,SE,6.3,SW
168,WAC-015,mb1,5/16/2005,31,33.7,2100,1,2,3.46,0.53,8,0.06,0.06,0.06,0.06,0.06,0.06,0.06,0,0,0,0,1.78,SE,8.1,SW
169,WAC-015,mb1,5/21/2005,364,26,4100,180,2,5.69,0.94,4,0.27,0.27,0.27,0.27,0.27,0.33,0.33,0,0,0,0,4.27,NE,6.16,SW
170,WAC-015,mb1,5/22/2005,10,31,4300,180,0,6.27,0.98,0,0.01,0.28,0.28,0.28,0.28,0.28,0.34,0,0.27,0,0,14.31,SW,4.27,NE
171,WAC-015,mb1,5/25/2005,74,29,2000,180,2,6.65,0.95,2,0.5,0.5,0.5,0.51,0.78,0.78,0.78,0.01,0,0,0.01,2.94,N,0.35,N
172,WAC-015,mb1,5/31/2005,10,34.5,2000,225,2,5.31,0.37,1,0.73,0.73,0.84,0.84,0.84,0.84,1.34,0,0,0.11,0,8.57,NE,5.35,NE
173,WAC-015,mb1,6/2/2005,10,33,2000,1,2,5.72,0.18,0,0.48,0.5,1.23,1.23,1.34,1.34,1.34,0,0.02,0.73,0,2.92,SE,11.02,E
174,WAC-015,mb1,6/3/2005,85,30.5,2100,1,2,5.87,0.1,0,0.45,0.93,0.95,1.68,1.68,1.79,1.79,0,0.48,0.02,0.73,4.7,S,2.92,SE
175,WAC-015,mb1,6/4/2005,571,25,4200,1,22,5.96,0.05,0,0.02,0.47,0.95,0.97,1.7,1.7,1.81,0,0.45,0.48,0.02,6.74,SW,4.7,S
176,WAC-015,mb1,7/4/2005,10,35,4200,180,22,5.35,0.03,0,0.2,0.22,0.22,0.23,-1,-1,-1,0,0.02,0,0.01,4.23,SE,5.5,E
177,WAC-015,mb1,7/14/2005,20,33.9,2100,45,1,4.23,0.51,0,0.06,0.07,0.07,0.07,0.07,0.65,0.65,0,0.01,0,0,7.27,SW,5.22,SW
178,WAC-015,mb1,7/31/2005,4106,31,4300,1,2,4.79,0.17,8,1.19,1.19,1.19,1.19,1.19,1.19,1.19,0.01,0,0,0,3.22,NE,3.98,SE
179,WAC-015,mb1,8/1/2005,216,33.5,2000,225,2,4.78,0.11,0,2.21,3.4,3.4,3.4,3.4,3.4,3.4,0.01,1.19,0,0,4.07,NE,3.22,NE
180,WAC-015,mb1,8/9/2005,697,32.6,2000,1,1,4.37,0.18,0,1.53,1.84,1.98,1.98,1.98,1.98,1.98,0.01,0.31,0.14,0,3.1,S,5.22,NE
181,WAC-015,mb1,9/15/2005,85,4,2000,1,0,6.41,0.92,0,3.48,5.12,5.85,5.85,5.85,5.85,5.85,0,1.64,0.73,0,3.79,NW,12.15,NW
182,WAC-015,mb1,9/19/2005,118,31.5,2100,1,0,7.09,0.96,3,0.63,0.63,0.63,0.63,4.11,5.75,6.48,0.01,0,0,0,4.1,S,7,SW
183,WAC-015,mb1,9/27/2005,10,33.1,2200,1,2,3.82,0.28,7,0.04,0.04,0.04,0.04,0.04,0.04,0.04,0,0,0,0,4.12,NE,9.06,SW
184,WAC-015,mb1,5/16/2006,10,33.7,4300,45,1,5.44,0.87,0,0.03,0.36,0.36,0.36,0.36,0.36,0.36,0,0.33,0,0,4.5,SW,10.45,SW
185,WAC-015,mb1,5/21/2006,158,32,4300,1,2,5.27,0.35,0,0.35,0.37,0.46,0.46,0.46,0.49,0.82,0,0.02,0.09,0,6.74,W,8.81,SW
186,WAC-015,mb1,5/28/2006,10,34,4300,180,1,6.3,0.03,0,0.06,0.85,0.85,0.85,0.85,0.85,0.91,0,0.79,0,0,3.12,E,1.45,W
187,WAC-015,mb1,6/4/2006,63,33.4,4300,1,0,3.54,0.57,6,1.2,1.2,1.2,1.2,1.2,1.2,1.2,0.01,0,0,0,6.46,S,2.31,SW
188,WAC-015,mb1,6/6/2006,183,18,4300,1,0,4.09,0.75,1,1.18,1.18,2.38,2.38,2.38,2.38,2.38,0.01,0,1.2,0,4.44,N,4.23,N
189,WAC-015,mb1,6/9/2006,10,34,2000,1,0,5.37,0.95,1,1.58,1.58,1.8,2.98,2.98,4.18,4.18,0.01,0,0.22,1.18,5.77,SW,9.82,SW
190,WAC-015,mb1,6/15/2006,156,33.9,2000,1,1,5.91,0.81,0,0.24,0.6,2.12,2.12,2.12,2.13,3.71,0,0.36,1.52,0,1.9,SE,6.3,SW
191,WAC-016,mb1,5/16/2005,10,33.9,2000,1,2,3.46,0.53,8,0.06,0.06,0.06,0.06,0.06,0.06,0.06,0,0,0,0,1.78,SE,8.1,SW
192,WAC-016,mb1,5/21/2005,20,34,4100,180,2,5.69,0.94,4,0.27,0.27,0.27,0.27,0.27,0.33,0.33,0,0,0,0,4.27,NE,6.16,SW
193,WAC-016,mb1,5/25/2005,10,33,2000,180,2,6.65,0.95,2,0.5,0.5,0.5,0.51,0.78,0.78,0.78,0.01,0,0,0.01,2.94,N,0.35,N
194,WAC-016,mb1,5/31/2005,99,34.3,2000,225,2,5.31,0.37,1,0.73,0.73,0.84,0.84,0.84,0.84,1.34,0,0,0.11,0,8.57,NE,5.35,NE
195,WAC-016,mb1,6/2/2005,10,33,4300,1,2,5.72,0.18,0,0.48,0.5,1.23,1.23,1.34,1.34,1.34,0,0.02,0.73,0,2.92,SE,11.02,E
196,WAC-016,mb1,6/3/2005,10,33.6,2100,1,22,5.87,0.1,0,0.45,0.93,0.95,1.68,1.68,1.79,1.79,0,0.48,0.02,0.73,4.7,S,2.92,SE
197,WAC-016,mb1,6/4/2005,10,32,4300,1,22,5.96,0.05,0,0.02,0.47,0.95,0.97,1.7,1.7,1.81,0,0.45,0.48,0.02,6.74,SW,4.7,S
198,WAC-016,mb1,7/4/2005,10,35,4200,180,22,5.35,0.03,0,0.2,0.22,0.22,0.23,-1,-1,-1,0,0.02,0,0.01,4.23,SE,5.5,E
199,WAC-016,mb1,7/14/2005,42,33.8,2100,45,1,4.23,0.51,0,0.06,0.07,0.07,0.07,0.07,0.65,0.65,0,0.01,0,0,7.27,SW,5.22,SW
200,WAC-016,mb1,7/31/2005,20,34,4300,1,2,4.79,0.17,8,1.19,1.19,1.19,1.19,1.19,1.19,1.19,0.01,0,0,0,3.22,NE,3.98,SE
201,WAC-016,mb1,8/1/2005,10,33.6,2000,225,2,4.78,0.11,0,2.21,3.4,3.4,3.4,3.4,3.4,3.4,0.01,1.19,0,0,4.07,NE,3.22,NE
202,WAC-016,mb1,8/9/2005,74,33.3,2000,1,1,4.37,0.18,0,1.53,1.84,1.98,1.98,1.98,1.98,1.98,0.01,0.31,0.14,0,3.1,S,5.22,NE
203,WAC-016,mb1,8/24/2005,1669,33,4300,45,1,6.03,0.7,4,2.93,2.93,2.93,2.93,2.93,3.06,3.06,0.01,0,0,0,7.27,NE,1.13,S
204,WAC-016,mb1,9/15/2005,10,34,2000,1,0,6.41,0.92,0,3.48,5.12,5.85,5.85,5.85,5.85,5.85,0,1.64,0.73,0,3.79,NW,12.15,NW
205,WAC-016,mb1,9/19/2005,10,32,2000,1,0,7.09,0.96,3,0.63,0.63,0.63,0.63,4.11,5.75,6.48,0.01,0,0,0,4.1,S,7,SW
206,WAC-016,mb1,9/27/2005,10,33.6,2100,1,2,3.82,0.28,7,0.04,0.04,0.04,0.04,0.04,0.04,0.04,0,0,0,0,4.12,NE,9.06,SW
207,WAC-016,mb1,10/11/2005,2005,32.7,2000,225,2,4.9,0.61,1,0.49,0.49,1.48,3.75,6.49,7.36,7.36,0,0,0.99,2.27,9.67,NE,7.57,NE
208,WAC-016,mb1,5/16/2006,10,33.8,4300,45,1,5.44,0.87,0,0.03,0.36,0.36,0.36,0.36,0.36,0.36,0,0.33,0,0,4.5,SW,10.45,SW
209,WAC-016,mb1,5/21/2006,344,33.7,4300,45,1,5.27,0.35,0,0.35,0.37,0.46,0.46,0.46,0.49,0.82,0,0.02,0.09,0,6.74,W,8.81,SW
210,WAC-016,mb1,5/28/2006,10,34,4300,180,1,6.3,0.03,0,0.06,0.85,0.85,0.85,0.85,0.85,0.91,0,0.79,0,0,3.12,E,1.45,W
211,WAC-016,mb1,6/4/2006,31,33.3,4300,1,0,3.54,0.57,6,1.2,1.2,1.2,1.2,1.2,1.2,1.2,0.01,0,0,0,6.46,S,2.31,SW
212,WAC-016,mb1,6/6/2006,10,34,4300,1,0,4.09,0.75,1,1.18,1.18,2.38,2.38,2.38,2.38,2.38,0.01,0,1.2,0,4.44,N,4.23,N
213,WAC-016,mb1,6/9/2006,10,34,2000,1,0,5.37,0.95,1,1.58,1.58,1.8,2.98,2.98,4.18,4.18,0.01,0,0.22,1.18,5.77,SW,9.82,SW
214,WAC-016,mb1,6/15/2006,10,34.4,4300,1,1,5.91,0.81,0,0.24,0.6,2.12,2.12,2.12,2.13,3.71,0,0.36,1.52,0,1.9,SE,6.3,SW
215,WAC-016A,mb2,7/4/2005,565,35,4200,180,22,5.35,0.03,0,0.27,0.28,0.28,0.46,-1,-1,-1,0,0.01,0,0.18,4.23,SE,5.5,E
216,WAC-016A,mb2,7/14/2005,10,34,2000,45,1,4.23,0.51,0,0.24,0.31,0.31,0.31,0.31,1.12,1.12,0,0.07,0,0,7.27,SW,5.22,SW
217,WAC-016A,mb2,7/31/2005,7555,16,4300,1,2,4.79,0.17,6,0.78,0.78,0.78,0.78,0.78,0.78,0.78,0.01,0,0,0,3.22,NE,3.98,SE
218,WAC-016A,mb2,8/1/2005,75,33.3,2000,225,2,4.78,0.11,0,1.68,2.46,2.46,2.46,2.46,2.46,2.46,0,0.78,0,0,4.07,NE,3.22,NE
219,WAC-016A,mb2,8/9/2005,63,33,2000,1,1,4.37,0.18,1,1.35,1.35,1.37,1.37,1.37,1.37,1.37,0,0,0.02,0,3.1,S,5.22,NE
220,WAC-016A,mb2,8/18/2005,1274,32.7,2100,225,1,7.12,0.98,6,0.49,0.49,0.49,0.49,0.49,0.49,0.49,0,0,0,0,1.98,E,0.42,NW
221,WAC-016A,mb2,8/24/2005,10462,31.1,4300,45,1,6.03,0.7,1,2.05,2.05,2.7,2.7,2.7,2.9,3.39,0.01,0,0.65,0,7.27,NE,1.13,S
222,WAC-016A,mb2,9/15/2005,538,18,2000,1,0,6.41,0.92,0,3.03,5.24,5.84,5.84,5.84,5.84,5.84,0,2.21,0.6,0,3.79,NW,12.15,NW
223,WAC-016A,mb2,9/19/2005,86,32.4,2000,1,0,7.09,0.96,3,1.43,1.43,1.43,1.43,4.46,6.67,7.27,0.02,0,0,0,4.1,S,7,SW
224,WAC-016A,mb2,9/27/2005,41,33.1,2100,1,2,3.82,0.28,7,0.26,0.26,0.26,0.26,0.26,0.26,0.26,0.01,0,0,0,4.12,NE,9.06,SW
225,WAC-016A,mb2,10/11/2005,314,31.8,2000,225,2,4.9,0.61,1,0.37,0.37,1.26,3.57,6.55,7.28,7.28,0,0,0.89,2.31,9.67,NE,7.57,NE
226,WAC-016A,mb2,5/16/2006,10,33.9,4200,45,1,5.44,0.87,0,0.1,0.29,0.29,0.29,0.29,0.3,0.3,0,0.19,0,0,4.5,SW,10.45,SW
227,WAC-016A,mb2,5/21/2006,10,33.7,4300,45,1,5.27,0.35,1,0.04,0.04,0.05,0.06,0.07,0.17,0.36,0,0,0.01,0.01,6.74,W,8.81,SW
228,WAC-016A,mb2,5/28/2006,97,32,2000,180,1,6.3,0.03,0,0.03,0.48,0.48,0.48,0.48,0.48,0.49,0,0.45,0,0,3.12,E,1.45,W
229,WAC-016A,mb2,5/30/2006,10,32.7,4300,225,0,5.12,0.13,1,0.01,0.01,0.04,0.49,0.49,0.49,0.49,0,0,0.03,0.45,4.72,E,2.98,E
230,WAC-016A,mb2,6/4/2006,10,33.1,4300,1,0,3.54,0.57,4,0.31,0.31,0.31,0.31,0.31,0.32,0.32,0,0,0,0,6.46,S,2.31,SW
231,WAC-016A,mb2,6/6/2006,63,33,4300,1,0,4.09,0.75,0,0.01,0.02,0.33,0.33,0.33,0.33,0.33,0,0.01,0.31,0,4.44,N,4.23,N
232,WAC-016A,mb2,6/9/2006,63,28,2000,1,0,5.37,0.95,0,0.77,0.78,0.96,0.97,0.98,1.29,1.29,0.01,0.01,0.18,0.01,5.77,SW,9.82,SW
233,WAC-016A,mb2,6/15/2006,41,34.1,4300,1,1,5.91,0.81,0,0.13,0.44,0.67,0.67,0.67,0.67,1.44,0,0.31,0.23,0,1.9,SE,6.3,SW
234,WAC-016A,mb2,6/28/2006,10,33.3,4200,45,0,4.97,0.09,0,0.86,1.17,1.23,1.23,1.23,1.23,1.24,0.01,0.31,0.06,0,4.47,S,7.15,S
235,WAC-016A,mb2,7/7/2006,134,35,4200,180,2,4.95,0.86,6,1.4,1.4,1.4,1.4,1.4,1.4,1.4,0.01,0,0,0,6.78,NE,4.07,NE
236,WAC-016A,mb2,7/13/2006,52,35,4300,45,2,6.65,0.91,5,0.04,0.04,0.04,0.04,0.04,0.04,1.44,0,0,0,0,14.17,SW,10.76,SW
237,WAC-016A,mb2,7/24/2006,10,34,4300,1,2,5.57,0,0,0.07,0.12,0.12,0.12,0.12,0.12,0.12,0,0.05,0,0,2.77,SE,6.03,SW
238,WAC-016A,mb2,7/26/2006,109,34,4300,135,1,5.28,0.02,0,0.04,0.85,0.92,0.97,0.97,0.97,0.97,0,0.81,0.07,0.05,3.84,S,3.99,SW
239,WAC-017,mb2,7/4/2005,10,30,4200,180,22,5.35,0.03,0,0.27,0.28,0.28,0.46,-1,-1,-1,0,0.01,0,0.18,4.23,SE,5.5,E
240,WAC-017,mb2,7/14/2005,20,33.4,2000,45,1,4.23,0.51,0,0.24,0.31,0.31,0.31,0.31,1.12,1.12,0,0.07,0,0,7.27,SW,5.22,SW
241,WAC-017,mb2,7/31/2005,63,34,2000,1,2,4.79,0.17,6,0.78,0.78,0.78,0.78,0.78,0.78,0.78,0.01,0,0,0,3.22,NE,3.98,SE
242,WAC-017,mb2,8/1/2005,10,33.3,2000,225,2,4.78,0.11,0,1.68,2.46,2.46,2.46,2.46,2.46,2.46,0,0.78,0,0,4.07,NE,3.22,NE
243,WAC-017,mb2,8/9/2005,20,33.4,2000,1,1,4.37,0.18,1,1.35,1.35,1.37,1.37,1.37,1.37,1.37,0,0,0.02,0,3.1,S,5.22,NE
244,WAC-017,mb2,8/24/2005,1100,33.3,2000,45,1,6.03,0.7,1,2.05,2.05,2.7,2.7,2.7,2.9,3.39,0.01,0,0.65,0,7.27,NE,1.13,S
245,WAC-017,mb2,9/15/2005,10,34,2000,1,0,6.41,0.92,0,3.03,5.24,5.84,5.84,5.84,5.84,5.84,0,2.21,0.6,0,3.79,NW,12.15,NW
246,WAC-017,mb2,9/19/2005,10,32.1,2000,1,0,7.09,0.96,3,1.43,1.43,1.43,1.43,4.46,6.67,7.27,0.02,0,0,0,4.1,S,7,SW
247,WAC-017,mb2,9/27/2005,10,33.3,2100,1,2,3.82,0.28,7,0.26,0.26,0.26,0.26,0.26,0.26,0.26,0.01,0,0,0,4.12,NE,9.06,SW
248,WAC-017,mb2,10/11/2005,531,32.4,2000,225,2,4.9,0.61,1,0.37,0.37,1.26,3.57,6.55,7.28,7.28,0,0,0.89,2.31,9.67,NE,7.57,NE
249,WAC-017,mb2,5/16/2006,10,33.7,4200,45,1,5.44,0.87,0,0.1,0.29,0.29,0.29,0.29,0.3,0.3,0,0.19,0,0,4.5,SW,10.45,SW
250,WAC-017,mb2,5/21/2006,42,33.8,4300,45,1,5.27,0.35,1,0.04,0.04,0.05,0.06,0.07,0.17,0.36,0,0,0.01,0.01,6.74,W,8.81,SW
251,WAC-017,mb2,5/28/2006,20,34,2000,180,1,6.3,0.03,0,0.03,0.48,0.48,0.48,0.48,0.48,0.49,0,0.45,0,0,3.12,E,1.45,W
252,WAC-017,mb2,5/30/2006,20,33.2,4300,225,0,5.12,0.13,1,0.01,0.01,0.04,0.49,0.49,0.49,0.49,0,0,0.03,0.45,4.72,E,2.98,E
253,WAC-017,mb2,6/4/2006,42,34.1,4300,1,0,3.54,0.57,4,0.31,0.31,0.31,0.31,0.31,0.32,0.32,0,0,0,0,6.46,S,2.31,SW
254,WAC-017,mb2,6/6/2006,10,34,4300,1,0,4.09,0.75,0,0.01,0.02,0.33,0.33,0.33,0.33,0.33,0,0.01,0.31,0,4.44,N,4.23,N
255,WAC-017,mb2,6/9/2006,10,34,4300,1,0,5.37,0.95,0,0.77,0.78,0.96,0.97,0.98,1.29,1.29,0.01,0.01,0.18,0.01,5.77,SW,9.82,SW
256,WAC-017,mb2,6/15/2006,10,34.3,4300,1,1,5.91,0.81,0,0.13,0.44,0.67,0.67,0.67,0.67,1.44,0,0.31,0.23,0,1.9,SE,6.3,SW
257,WAC-017,mb2,6/28/2006,31,33.3,4200,45,0,4.97,0.09,0,0.86,1.17,1.23,1.23,1.23,1.23,1.24,0.01,0.31,0.06,0,4.47,S,7.15,S
258,WAC-017,mb2,7/7/2006,124,34.5,4300,180,2,4.95,0.86,6,1.4,1.4,1.4,1.4,1.4,1.4,1.4,0.01,0,0,0,6.78,NE,4.07,NE
259,WAC-017,mb2,7/13/2006,10,35.2,4300,45,2,6.65,0.91,5,0.04,0.04,0.04,0.04,0.04,0.04,1.44,0,0,0,0,14.17,SW,10.76,SW
260,WAC-017,mb2,7/24/2006,10,34.2,4300,1,2,5.57,0,0,0.07,0.12,0.12,0.12,0.12,0.12,0.12,0,0.05,0,0,2.77,SE,6.03,SW
261,WAC-017,mb2,7/26/2006,10,35,4300,135,1,5.28,0.02,0,0.04,0.85,0.92,0.97,0.97,0.97,0.97,0,0.81,0.07,0.05,3.84,S,3.99,SW
262,WAC-017A,mb2,7/4/2005,10,35,4200,180,22,5.35,0.03,0,0.27,0.28,0.28,0.46,-1,-1,-1,0,0.01,0,0.18,4.23,SE,5.5,E
263,WAC-017A,mb2,7/14/2005,406,33.3,2000,45,1,4.23,0.51,0,0.24,0.31,0.31,0.31,0.31,1.12,1.12,0,0.07,0,0,7.27,SW,5.22,SW
264,WAC-017A,mb2,7/31/2005,816,30,2000,1,2,4.79,0.17,6,0.78,0.78,0.78,0.78,0.78,0.78,0.78,0.01,0,0,0,3.22,NE,3.98,SE
265,WAC-017A,mb2,8/1/2005,318,33.1,2000,225,2,4.78,0.11,0,1.68,2.46,2.46,2.46,2.46,2.46,2.46,0,0.78,0,0,4.07,NE,3.22,NE
266,WAC-017A,mb2,8/9/2005,84,33.2,2000,1,1,4.37,0.18,1,1.35,1.35,1.37,1.37,1.37,1.37,1.37,0,0,0.02,0,3.1,S,5.22,NE
267,WAC-017A,mb2,8/18/2005,20,33.1,2100,225,1,7.12,0.98,6,0.49,0.49,0.49,0.49,0.49,0.49,0.49,0,0,0,0,1.98,E,0.42,NW
268,WAC-017A,mb2,8/24/2005,1336,33.2,2000,45,1,6.03,0.7,1,2.05,2.05,2.7,2.7,2.7,2.9,3.39,0.01,0,0.65,0,7.27,NE,1.13,S
269,WAC-017A,mb2,9/15/2005,1112,11,4300,1,0,6.41,0.92,0,3.03,5.24,5.84,5.84,5.84,5.84,5.84,0,2.21,0.6,0,3.79,NW,12.15,NW
270,WAC-017A,mb2,9/19/2005,457,31.6,2000,1,0,7.09,0.96,3,1.43,1.43,1.43,1.43,4.46,6.67,7.27,0.02,0,0,0,4.1,S,7,SW
271,WAC-017A,mb2,9/27/2005,31,33.1,2100,1,2,3.82,0.28,7,0.26,0.26,0.26,0.26,0.26,0.26,0.26,0.01,0,0,0,4.12,NE,9.06,SW
272,WAC-017A,mb2,10/11/2005,119,32.8,2000,225,2,4.9,0.61,1,0.37,0.37,1.26,3.57,6.55,7.28,7.28,0,0,0.89,2.31,9.67,NE,7.57,NE
273,WAC-017A,mb2,5/16/2006,10,34.1,4200,45,1,5.44,0.87,0,0.1,0.29,0.29,0.29,0.29,0.3,0.3,0,0.19,0,0,4.5,SW,10.45,SW
274,WAC-017A,mb2,5/21/2006,111,33.9,4300,45,1,5.27,0.35,1,0.04,0.04,0.05,0.06,0.07,0.17,0.36,0,0,0.01,0.01,6.74,W,8.81,SW
275,WAC-017A,mb2,5/28/2006,10,34,2000,180,1,6.3,0.03,0,0.03,0.48,0.48,0.48,0.48,0.48,0.49,0,0.45,0,0,3.12,E,1.45,W
276,WAC-017A,mb2,5/30/2006,10,31.7,4300,225,0,5.12,0.13,1,0.01,0.01,0.04,0.49,0.49,0.49,0.49,0,0,0.03,0.45,4.72,E,2.98,E
277,WAC-017A,mb2,6/4/2006,10,33.7,4300,1,0,3.54,0.57,4,0.31,0.31,0.31,0.31,0.31,0.32,0.32,0,0,0,0,6.46,S,2.31,SW
278,WAC-017A,mb2,6/6/2006,20,34,4300,1,0,4.09,0.75,0,0.01,0.02,0.33,0.33,0.33,0.33,0.33,0,0.01,0.31,0,4.44,N,4.23,N
279,WAC-017A,mb2,6/9/2006,10,34,4300,1,0,5.37,0.95,0,0.77,0.78,0.96,0.97,0.98,1.29,1.29,0.01,0.01,0.18,0.01,5.77,SW,9.82,SW
280,WAC-017A,mb2,6/15/2006,10,34.2,4300,1,1,5.91,0.81,0,0.13,0.44,0.67,0.67,0.67,0.67,1.44,0,0.31,0.23,0,1.9,SE,6.3,SW
281,WAC-017A,mb2,6/28/2006,20,33.5,4200,45,0,4.97,0.09,0,0.86,1.17,1.23,1.23,1.23,1.23,1.24,0.01,0.31,0.06,0,4.47,S,7.15,S
282,WAC-017A,mb2,7/7/2006,10,34.8,4300,180,2,4.95,0.86,6,1.4,1.4,1.4,1.4,1.4,1.4,1.4,0.01,0,0,0,6.78,NE,4.07,NE
283,WAC-017A,mb2,7/7/2006,10,34.8,4300,180,2,4.95,0.86,6,1.4,1.4,1.4,1.4,1.4,1.4,1.4,0.01,0,0,0,6.78,NE,4.07,NE
284,WAC-017A,mb2,7/13/2006,10,35.1,4300,45,2,6.65,0.91,5,0.04,0.04,0.04,0.04,0.04,0.04,1.44,0,0,0,0,14.17,SW,10.76,SW
285,WAC-017A,mb2,7/24/2006,42,34.3,4300,1,2,5.57,0,0,0.07,0.12,0.12,0.12,0.12,0.12,0.12,0,0.05,0,0,2.77,SE,6.03,SW
286,WAC-017A,mb2,7/26/2006,35,10,4300,135,1,5.28,0.02,0,0.04,0.85,0.92,0.97,0.97,0.97,0.97,0,0.81,0.07,0.05,3.84,S,3.99,SW
287,WAC-018,mb2,7/4/2005,41,35,4200,180,22,5.35,0.03,0,0.27,0.28,0.28,0.46,-1,-1,-1,0,0.01,0,0.18,4.23,SE,5.5,E
288,WAC-018,mb2,7/14/2005,42,33.5,2000,45,1,4.23,0.51,0,0.24,0.31,0.31,0.31,0.31,1.12,1.12,0,0.07,0,0,7.27,SW,5.22,SW
289,WAC-018,mb2,7/31/2005,10,35,2000,1,2,4.79,0.17,6,0.78,0.78,0.78,0.78,0.78,0.78,0.78,0.01,0,0,0,3.22,NE,3.98,SE
290,WAC-018,mb2,8/1/2005,31,34.3,4300,225,2,4.78,0.11,0,1.68,2.46,2.46,2.46,2.46,2.46,2.46,0,0.78,0,0,4.07,NE,3.22,NE
291,WAC-018,mb2,8/9/2005,10,33.4,2000,1,1,4.37,0.18,1,1.35,1.35,1.37,1.37,1.37,1.37,1.37,0,0,0.02,0,3.1,S,5.22,NE
292,WAC-018,mb2,8/24/2005,213,33.8,2000,45,1,6.03,0.7,1,2.05,2.05,2.7,2.7,2.7,2.9,3.39,0.01,0,0.65,0,7.27,NE,1.13,S
293,WAC-018,mb2,9/15/2005,10,33,4300,1,0,6.41,0.92,0,3.03,5.24,5.84,5.84,5.84,5.84,5.84,0,2.21,0.6,0,3.79,NW,12.15,NW
294,WAC-018,mb2,9/19/2005,10,32.7,2000,1,0,7.09,0.96,3,1.43,1.43,1.43,1.43,4.46,6.67,7.27,0.02,0,0,0,4.1,S,7,SW
295,WAC-018,mb2,9/27/2005,10,33.4,2100,1,2,3.82,0.28,7,0.26,0.26,0.26,0.26,0.26,0.26,0.26,0.01,0,0,0,4.12,NE,9.06,SW
296,WAC-018,mb2,10/11/2005,406,32.4,2000,225,2,4.9,0.61,1,0.37,0.37,1.26,3.57,6.55,7.28,7.28,0,0,0.89,2.31,9.67,NE,7.57,NE
297,WAC-018,mb2,5/16/2006,10,34.2,4200,45,1,5.44,0.87,0,0.1,0.29,0.29,0.29,0.29,0.3,0.3,0,0.19,0,0,4.5,SW,10.45,SW
298,WAC-018,mb2,5/21/2006,271,33.7,4300,45,1,5.27,0.35,1,0.04,0.04,0.05,0.06,0.07,0.17,0.36,0,0,0.01,0.01,6.74,W,8.81,SW
299,WAC-018,mb2,5/28/2006,10,34,4300,180,1,6.3,0.03,0,0.03,0.48,0.48,0.48,0.48,0.48,0.49,0,0.45,0,0,3.12,E,1.45,W
300,WAC-018,mb2,5/30/2006,10,32.8,4300,225,0,5.12,0.13,1,0.01,0.01,0.04,0.49,0.49,0.49,0.49,0,0,0.03,0.45,4.72,E,2.98,E
301,WAC-018,mb2,6/4/2006,20,33.3,4300,1,0,3.54,0.57,4,0.31,0.31,0.31,0.31,0.31,0.32,0.32,0,0,0,0,6.46,S,2.31,SW
302,WAC-018,mb2,6/6/2006,31,34,4300,1,0,4.09,0.75,0,0.01,0.02,0.33,0.33,0.33,0.33,0.33,0,0.01,0.31,0,4.44,N,4.23,N
303,WAC-018,mb2,6/9/2006,10,34,4300,1,0,5.37,0.95,0,0.77,0.78,0.96,0.97,0.98,1.29,1.29,0.01,0.01,0.18,0.01,5.77,SW,9.82,SW
304,WAC-018,mb2,6/15/2006,10,34.2,4300,1,1,5.91,0.81,0,0.13,0.44,0.67,0.67,0.67,0.67,1.44,0,0.31,0.23,0,1.9,SE,6.3,SW
305,WAC-018,mb2,6/28/2006,10,33.4,4200,45,0,4.97,0.09,0,0.86,1.17,1.23,1.23,1.23,1.23,1.24,0.01,0.31,0.06,0,4.47,S,7.15,S
306,WAC-018,mb2,7/7/2006,10,34.9,4300,180,2,4.95,0.86,6,1.4,1.4,1.4,1.4,1.4,1.4,1.4,0.01,0,0,0,6.78,NE,4.07,NE
307,WAC-018,mb2,7/13/2006,10,35.1,4200,45,2,6.65,0.91,5,0.04,0.04,0.04,0.04,0.04,0.04,1.44,0,0,0,0,14.17,SW,10.76,SW
308,WAC-018,mb2,7/24/2006,10,34.1,4300,1,2,5.57,0,0,0.07,0.12,0.12,0.12,0.12,0.12,0.12,0,0.05,0,0,2.77,SE,6.03,SW
309,WAC-018,mb2,7/26/2006,10,35,4300,135,1,5.28,0.02,0,0.04,0.85,0.92,0.97,0.97,0.97,0.97,0,0.81,0.07,0.05,3.84,S,3.99,SW
310,WAC-019,mb2,7/4/2005,10,35,4200,180,22,5.35,0.03,0,0.27,0.28,0.28,0.46,-1,-1,-1,0,0.01,0,0.18,4.23,SE,5.5,E
311,WAC-019,mb2,7/13/2005,10,34,2200,45,0,3.93,0.41,3,0.07,0.07,0.07,0.07,0.88,0.88,0.88,0.01,0,0,0,5.22,SW,10.18,SW
312,WAC-019,mb2,7/31/2005,10,35,2000,1,2,4.79,0.17,6,0.78,0.78,0.78,0.78,0.78,0.78,0.78,0.01,0,0,0,3.22,NE,3.98,SE
313,WAC-019,mb2,8/1/2005,20,34,2100,225,1,4.78,0.11,0,1.68,2.46,2.46,2.46,2.46,2.46,2.46,0,0.78,0,0,4.07,NE,3.22,NE
314,WAC-019,mb2,8/18/2005,42,33.4,2100,225,1,7.12,0.98,6,0.49,0.49,0.49,0.49,0.49,0.49,0.49,0,0,0,0,1.98,E,0.42,NW
315,WAC-019,mb2,8/24/2005,171,33.8,2000,45,1,6.03,0.7,1,2.05,2.05,2.7,2.7,2.7,2.9,3.39,0.01,0,0.65,0,7.27,NE,1.13,S
316,WAC-019,mb2,9/15/2005,20,-1,4300,1,0,6.41,0.92,0,3.03,5.24,5.84,5.84,5.84,5.84,5.84,0,2.21,0.6,0,3.79,NW,12.15,NW
317,WAC-019,mb2,9/19/2005,10,33.5,2000,1,0,7.09,0.96,3,1.43,1.43,1.43,1.43,4.46,6.67,7.27,0.02,0,0,0,4.1,S,7,SW
318,WAC-019,mb2,9/27/2005,10,33.3,2100,1,2,3.82,0.28,7,0.26,0.26,0.26,0.26,0.26,0.26,0.26,0.01,0,0,0,4.12,NE,9.06,SW
319,WAC-019,mb2,10/11/2005,624,32.9,2000,225,2,4.9,0.61,1,0.37,0.37,1.26,3.57,6.55,7.28,7.28,0,0,0.89,2.31,9.67,NE,7.57,NE
320,WAC-019,mb2,5/16/2006,10,34.1,4200,45,2,5.44,0.87,0,0.1,0.29,0.29,0.29,0.29,0.3,0.3,0,0.19,0,0,4.5,SW,10.45,SW
321,WAC-019,mb2,5/21/2006,364,33.7,4300,45,1,5.27,0.35,1,0.04,0.04,0.05,0.06,0.07,0.17,0.36,0,0,0.01,0.01,6.74,W,8.81,SW
322,WAC-019,mb2,5/30/2006,10,33.5,4200,225,0,5.12,0.13,1,0.01,0.01,0.04,0.49,0.49,0.49,0.49,0,0,0.03,0.45,4.72,E,2.98,E
323,WAC-019,mb2,6/4/2006,10,33.6,2200,1,0,3.54,0.57,4,0.31,0.31,0.31,0.31,0.31,0.32,0.32,0,0,0,0,6.46,S,2.31,SW
324,WAC-019,mb2,6/6/2006,10,34,4300,1,0,4.09,0.75,0,0.01,0.02,0.33,0.33,0.33,0.33,0.33,0,0.01,0.31,0,4.44,N,4.23,N
325,WAC-019,mb2,6/15/2006,10,34.3,4300,1,1,5.91,0.81,0,0.13,0.44,0.67,0.67,0.67,0.67,1.44,0,0.31,0.23,0,1.9,SE,6.3,SW
326,WAC-019,mb2,6/28/2006,42,33.3,2000,45,1,4.97,0.09,0,0.86,1.17,1.23,1.23,1.23,1.23,1.24,0.01,0.31,0.06,0,4.47,S,7.15,S
327,WAC-019,mb2,7/7/2006,10,35,4300,180,2,4.95,0.86,6,1.4,1.4,1.4,1.4,1.4,1.4,1.4,0.01,0,0,0,6.78,NE,4.07,NE
328,WAC-019,mb2,7/13/2006,10,35.1,4200,45,2,6.65,0.91,5,0.04,0.04,0.04,0.04,0.04,0.04,1.44,0,0,0,0,14.17,SW,10.76,SW
329,WAC-019,mb2,7/24/2006,10,34.1,2100,1,1,5.57,0,0,0.07,0.12,0.12,0.12,0.12,0.12,0.12,0,0.05,0,0,2.77,SE,6.03,SW
330,WAC-019,mb2,7/26/2006,10,35,4200,135,1,5.28,0.02,0,0.04,0.85,0.92,0.97,0.97,0.97,0.97,0,0.81,0.07,0.05,3.84,S,3.99,SW
331,WAC-020,mb3,7/1/2005,10,32.8,2200,45,0,5.43,0.21,-1,0.02,-1,-1,-1,-1,-1,-1,-1,-1,-1,0,8.09,SW,5.72,S
332,WAC-020,mb3,7/4/2005,10,35,4200,180,22,5.35,0.03,0,0.78,0.79,0.79,0.81,-1,-1,-1,0.01,0,0.02,0,4.23,SE,5.5,E
333,WAC-020,mb3,7/31/2005,96,34,2000,1,2,4.79,0.17,7,0.52,0.52,0.52,0.52,0.52,0.52,0.52,0,0,0,0.01,3.22,NE,3.98,SE
334,WAC-020,mb3,8/1/2005,307,34.1,2100,225,1,4.78,0.11,0,3.62,4.14,4.14,4.14,4.14,4.14,4.14,0.52,0,0,0.01,4.07,NE,3.22,NE
335,WAC-020,mb3,8/8/2005,52,33.3,2000,45,22,4.57,0.11,0,0.47,0.57,0.57,0.57,0.57,0.57,0.57,0.1,0,0,0.01,5.22,NE,9.47,E
336,WAC-020,mb3,8/18/2005,99,33.1,2100,225,1,7.12,0.98,1,1.21,1.21,1.22,1.22,1.22,1.22,1.22,0,0.01,0,0.01,1.98,E,0.42,NW
337,WAC-020,mb3,8/24/2005,512,33.5,2000,45,1,6.03,0.7,4,0.6,0.6,0.6,0.6,0.6,0.61,1.82,0,0,0,0,7.27,NE,1.13,S
338,WAC-020,mb3,9/15/2005,10,34,4300,1,0,6.41,0.92,0,2.27,4.21,4.69,4.69,4.69,4.69,4.69,1.94,0.48,0,0,3.79,NW,12.15,NW
339,WAC-020,mb3,9/19/2005,20,32.1,2000,1,0,7.09,0.96,2,0.7,0.7,0.7,0.71,2.98,4.92,5.4,0,0,0.01,0.01,4.1,S,7,SW
340,WAC-020,mb3,9/27/2005,10,33.1,2100,1,2,3.82,0.28,7,0.11,0.11,0.11,0.11,0.11,0.11,0.11,0,0,0,0,4.12,NE,9.06,SW
341,WAC-020,mb3,10/11/2005,487,32.9,2000,225,2,4.9,0.61,1,0.09,0.09,0.72,3.07,6.3,7.08,7.08,0,0.63,2.35,0,9.67,NE,7.57,NE
342,WAC-020,mb3,5/16/2006,10,33.9,4200,45,2,5.44,0.87,0,0.1,1.12,1.12,1.12,1.12,1.12,1.12,1.02,0,0,0,4.5,SW,10.45,SW
343,WAC-020,mb3,5/21/2006,30,34,4300,45,1,5.27,0.35,0,0.55,0.56,0.58,0.58,0.59,0.69,1.71,0.01,0.02,0,0,6.74,W,8.81,SW
344,WAC-020,mb3,6/15/2006,10,34.1,4300,1,1,5.91,0.81,0,0.21,0.59,0.97,0.97,0.97,0.99,-1,0.38,0.38,0,0,1.9,SE,6.3,SW
345,WAC-020,mb3,6/28/2006,31,33.7,2000,45,1,4.97,0.09,0,0.99,1.41,1.77,1.81,1.81,1.81,1.82,0.42,0.36,0.04,0.01,4.47,S,7.15,S
346,WAC-020,mb3,7/7/2006,2755,34.6,4300,180,2,4.95,0.86,6,1.25,1.25,1.25,1.25,1.25,1.25,1.25,0,0,0,0.01,6.78,NE,4.07,NE
347,WAC-020,mb3,7/13/2006,99,34.5,4200,45,2,6.65,0.91,5,0.02,0.02,0.02,0.02,0.02,0.02,1.27,0,0,0,0,14.17,SW,10.76,SW
348,WAC-020,mb3,7/24/2006,305,33.8,2100,1,1,5.57,0,0,0.89,0.99,0.99,0.99,0.99,0.99,0.99,0.1,0,0,0.01,2.77,SE,6.03,SW
349,WAC-020,mb3,7/26/2006,20,35,4200,135,1,5.28,0.02,0,0.05,1.75,2.64,2.74,2.74,2.74,2.74,1.7,0.89,0.1,0,3.84,S,3.99,SW
350,WAC-021,mb3,7/4/2005,10,35,4200,180,22,5.35,0.03,0,0.78,0.79,0.79,0.81,-1,-1,-1,0.01,0,0.02,0,4.23,SE,5.5,E
351,WAC-021,mb3,7/31/2005,85,34,2000,1,2,4.79,0.17,7,0.52,0.52,0.52,0.52,0.52,0.52,0.52,0,0,0,0.01,3.22,NE,3.98,SE
352,WAC-021,mb3,8/1/2005,97,34.2,2100,225,1,4.78,0.11,0,3.62,4.14,4.14,4.14,4.14,4.14,4.14,0.52,0,0,0.01,4.07,NE,3.22,NE
353,WAC-021,mb3,8/8/2005,11199,33.2,2000,45,22,4.57,0.11,0,0.47,0.57,0.57,0.57,0.57,0.57,0.57,0.1,0,0,0.01,5.22,NE,9.47,E
354,WAC-021,mb3,8/18/2005,31,33.2,2100,225,1,7.12,0.98,1,1.21,1.21,1.22,1.22,1.22,1.22,1.22,0,0.01,0,0.01,1.98,E,0.42,NW
355,WAC-021,mb3,8/24/2005,697,33.6,2000,45,1,6.03,0.7,4,0.6,0.6,0.6,0.6,0.6,0.61,1.82,0,0,0,0,7.27,NE,1.13,S
356,WAC-021,mb3,9/15/2005,31,32,4300,1,0,6.41,0.92,0,2.27,4.21,4.69,4.69,4.69,4.69,4.69,1.94,0.48,0,0,3.79,NW,12.15,NW
357,WAC-021,mb3,9/19/2005,20,32.7,4300,1,0,7.09,0.96,2,0.7,0.7,0.7,0.71,2.98,4.92,5.4,0,0,0.01,0.01,4.1,S,7,SW
358,WAC-021,mb3,9/27/2005,10,32.6,2100,1,2,3.82,0.28,7,0.11,0.11,0.11,0.11,0.11,0.11,0.11,0,0,0,0,4.12,NE,9.06,SW
359,WAC-021,mb3,10/11/2005,111,33,2000,225,2,4.9,0.61,1,0.09,0.09,0.72,3.07,6.3,7.08,7.08,0,0.63,2.35,0,9.67,NE,7.57,NE
360,WAC-021,mb3,5/16/2006,10,33.9,2000,45,1,5.44,0.87,0,0.1,1.12,1.12,1.12,1.12,1.12,1.12,1.02,0,0,0,4.5,SW,10.45,SW
361,WAC-021,mb3,5/21/2006,287,33.5,2000,45,1,5.27,0.35,0,0.55,0.56,0.58,0.58,0.59,0.69,1.71,0.01,0.02,0,0,6.74,W,8.81,SW
362,WAC-021,mb3,6/15/2006,10,34.4,4300,1,1,5.91,0.81,0,0.21,0.59,0.97,0.97,0.97,0.99,-1,0.38,0.38,0,0,1.9,SE,6.3,SW
363,WAC-021,mb3,6/28/2006,137,33.4,2000,45,1,4.97,0.09,0,0.99,1.41,1.77,1.81,1.81,1.81,1.82,0.42,0.36,0.04,0.01,4.47,S,7.15,S
364,WAC-021,mb3,7/7/2006,10,35.1,4200,180,2,4.95,0.86,6,1.25,1.25,1.25,1.25,1.25,1.25,1.25,0,0,0,0.01,6.78,NE,4.07,NE
365,WAC-021,mb3,7/13/2006,31,34.9,4200,45,2,6.65,0.91,5,0.02,0.02,0.02,0.02,0.02,0.02,1.27,0,0,0,0,14.17,SW,10.76,SW
366,WAC-021,mb3,7/24/2006,10,34,2100,1,1,5.57,0,0,0.89,0.99,0.99,0.99,0.99,0.99,0.99,0.1,0,0,0.01,2.77,SE,6.03,SW
367,WAC-021,mb3,7/26/2006,10,35,4200,135,1,5.28,0.02,0,0.05,1.75,2.64,2.74,2.74,2.74,2.74,1.7,0.89,0.1,0,3.84,S,3.99,SW
368,WAC-022A,mb3,7/1/2005,10,32.4,2200,45,0,5.43,0.21,-1,0.02,-1,-1,-1,-1,-1,-1,-1,-1,-1,0,8.09,SW,5.72,S
369,WAC-022A,mb3,7/4/2005,733,25,4200,180,22,5.35,0.03,0,0.78,0.79,0.79,0.81,-1,-1,-1,0.01,0,0.02,0,4.23,SE,5.5,E
370,WAC-022A,mb3,7/31/2005,6586,4,4300,1,2,4.79,0.17,7,0.52,0.52,0.52,0.52,0.52,0.52,0.52,0,0,0,0.01,3.22,NE,3.98,SE
371,WAC-022A,mb3,8/1/2005,62,34.4,2100,225,1,4.78,0.11,0,3.62,4.14,4.14,4.14,4.14,4.14,4.14,0.52,0,0,0.01,4.07,NE,3.22,NE
372,WAC-022A,mb3,8/7/2005,10,34,2300,1,2,4.81,0.06,5,0.1,0.1,0.1,0.1,0.1,0.1,3.72,0,0,0,0.01,9.47,E,2.06,NE
373,WAC-022A,mb3,8/8/2005,528,33.3,4300,45,22,4.57,0.11,0,0.47,0.57,0.57,0.57,0.57,0.57,0.57,0.1,0,0,0.01,5.22,NE,9.47,E
374,WAC-022A,mb3,8/18/2005,62,33.4,2100,225,1,7.12,0.98,1,1.21,1.21,1.22,1.22,1.22,1.22,1.22,0,0.01,0,0.01,1.98,E,0.42,NW
375,WAC-022A,mb3,8/24/2005,933,33.7,2000,45,1,6.03,0.7,4,0.6,0.6,0.6,0.6,0.6,0.61,1.82,0,0,0,0,7.27,NE,1.13,S
376,WAC-022A,mb3,9/15/2005,880,2,4300,1,0,6.41,0.92,0,2.27,4.21,4.69,4.69,4.69,4.69,4.69,1.94,0.48,0,0,3.79,NW,12.15,NW
377,WAC-022A,mb3,9/19/2005,3448,29.6,4300,1,0,7.09,0.96,2,0.7,0.7,0.7,0.71,2.98,4.92,5.4,0,0,0.01,0.01,4.1,S,7,SW
378,WAC-022A,mb3,9/27/2005,4352,30.1,2100,1,2,3.82,0.28,7,0.11,0.11,0.11,0.11,0.11,0.11,0.11,0,0,0,0,4.12,NE,9.06,SW
379,WAC-022A,mb3,10/11/2005,3076,31.4,2100,225,2,4.9,0.61,1,0.09,0.09,0.72,3.07,6.3,7.08,7.08,0,0.63,2.35,0,9.67,NE,7.57,NE
380,WAC-022A,mb3,5/16/2006,122,32.7,2000,45,1,5.44,0.87,0,0.1,1.12,1.12,1.12,1.12,1.12,1.12,1.02,0,0,0,4.5,SW,10.45,SW
381,WAC-022A,mb3,5/21/2006,31,33.9,2000,45,1,5.27,0.35,0,0.55,0.56,0.58,0.58,0.59,0.69,1.71,0.01,0.02,0,0,6.74,W,8.81,SW
382,WAC-022A,mb3,6/15/2006,10,34,4300,1,1,5.91,0.81,0,0.21,0.59,0.97,0.97,0.97,0.99,-1,0.38,0.38,0,0,1.9,SE,6.3,SW
383,WAC-022A,mb3,6/28/2006,4884,32.3,2000,45,1,4.97,0.09,0,0.99,1.41,1.77,1.81,1.81,1.81,1.82,0.42,0.36,0.04,0.01,4.47,S,7.15,S
384,WAC-022A,mb3,7/7/2006,24192,13.7,4200,180,2,4.95,0.86,6,1.25,1.25,1.25,1.25,1.25,1.25,1.25,0,0,0,0.01,6.78,NE,4.07,NE
385,WAC-022A,mb3,7/13/2006,30,35.1,4300,45,0,6.65,0.91,5,0.02,0.02,0.02,0.02,0.02,0.02,1.27,0,0,0,0,14.17,SW,10.76,SW
386,WAC-022A,mb3,7/24/2006,6131,30.5,2100,1,1,5.57,0,0,0.89,0.99,0.99,0.99,0.99,0.99,0.99,0.1,0,0,0.01,2.77,SE,6.03,SW
387,WAC-022A,mb3,7/26/2006,441,27,4200,135,1,5.28,0.02,0,0.05,1.75,2.64,2.74,2.74,2.74,2.74,1.7,0.89,0.1,0,3.84,S,3.99,SW
388,WAC-022A,mb3,7/27/2006,10,35,4300,0,1,4.95,0.06,0,0.08,0.13,1.83,2.72,2.82,2.82,2.82,0.05,1.7,0.89,0,8.62,SW,3.84,S
389,WAC-024,mb4,7/4/2005,20,34,4200,180,22,5.35,0.03,0,0.91,0.95,0.95,0.96,-1,-1,-1,0.04,0,0.01,0,4.23,SE,5.5,E
390,WAC-024,mb4,7/13/2005,10,33.1,2100,45,0,3.93,0.41,2,0.13,0.13,0.13,0.16,0.91,0.91,0.91,0,0,0.03,0.01,5.22,SW,10.18,SW
391,WAC-024,mb4,7/31/2005,85,35,4300,1,2,4.79,0.17,7,0.71,0.71,0.71,0.71,0.71,0.71,0.71,0,0,0,0.01,3.22,NE,3.98,SE
392,WAC-024,mb4,8/1/2005,10,34.4,2100,225,1,4.78,0.11,0,3.52,4.23,4.23,4.23,4.23,4.23,4.23,0.71,0,0,0.01,4.07,NE,3.22,NE
393,WAC-024,mb4,8/7/2005,210,34,2300,1,2,4.81,0.06,5,0.97,0.97,0.97,0.97,0.97,0.97,4.49,0,0,0,0.01,9.47,E,2.06,NE
394,WAC-024,mb4,8/8/2005,87,33.8,4300,45,22,4.57,0.11,0,0.35,1.32,1.32,1.32,1.32,1.32,1.32,0.97,0,0,0,5.22,NE,9.47,E
395,WAC-024,mb4,8/18/2005,453,33.3,2000,225,1,7.12,0.98,2,1.59,1.59,1.59,1.6,1.6,1.6,1.6,0,0,0.01,0.01,1.98,E,0.42,NW
396,WAC-024,mb4,8/24/2005,220,33.5,2000,45,1,6.03,0.7,4,0.63,0.63,0.63,0.63,0.63,0.76,2.35,0,0,0,0,7.27,NE,1.13,S
397,WAC-024,mb4,9/15/2005,20,33,4300,1,0,6.41,0.92,0,2.18,4.39,4.93,4.93,4.93,4.93,4.93,2.21,0.54,0,0,3.79,NW,12.15,NW
398,WAC-024,mb4,9/19/2005,10,32.1,4300,1,0,7.09,0.96,3,0.51,0.51,0.51,0.51,2.69,4.9,5.44,0,0,0,0.01,4.1,S,7,SW
399,WAC-024,mb4,9/27/2005,10,32.4,2100,1,2,3.82,0.28,6,0.08,0.08,0.08,0.08,0.08,0.08,0.08,0,0,0,0,4.12,NE,9.06,SW
400,WAC-024,mb4,10/11/2005,164,32.8,2100,225,2,4.9,0.61,1,0.11,0.11,0.77,3.1,7.38,8.32,8.32,0,0.66,2.33,0,9.67,NE,7.57,NE
401,WAC-024,mb4,5/16/2006,20,34,4300,45,1,5.44,0.87,0,0.1,1.11,1.11,1.11,1.11,1.11,1.11,1.01,0,0,0,4.5,SW,10.45,SW
402,WAC-024,mb4,5/21/2006,20,33.6,2000,45,1,5.27,0.35,0,0.56,0.57,0.62,0.62,0.62,0.72,1.73,0.01,0.05,0,0,6.74,W,8.81,SW
403,WAC-024,mb4,6/4/2006,10,33.5,2100,1,0,3.54,0.57,7,1.28,1.28,1.28,1.28,1.28,1.28,1.28,0,0,0,0.01,6.46,S,2.31,SW
404,WAC-024,mb4,6/6/2006,10,34,4200,1,0,4.09,0.75,1,0.23,0.23,1.51,1.51,1.51,1.51,1.51,0,1.28,0,0,4.44,N,4.23,N
405,WAC-024,mb4,6/9/2006,10,34,4200,1,0,5.37,0.95,1,0.49,0.49,0.55,0.78,0.78,2.06,2.06,0,0.06,0.23,0,5.77,SW,9.82,SW
406,WAC-024,mb4,6/15/2006,10,34.1,4300,1,1,5.91,0.81,0,0.38,0.97,1.36,1.36,1.36,1.39,1.88,0.59,0.39,0,0,1.9,SE,6.3,SW
407,WAC-024,mb4,6/28/2006,20,34,2000,45,1,4.97,0.09,0,0.88,1.36,1.9,1.9,1.9,1.9,1.92,0.48,0.54,0,0.01,4.47,S,7.15,S
408,WAC-024,mb4,7/7/2006,42,35.1,4200,180,2,4.95,0.86,6,1.24,1.24,1.24,1.24,1.24,1.24,1.24,0,0,0,0.01,6.78,NE,4.07,NE
409,WAC-024,mb4,7/24/2006,20,34,2100,1,1,5.57,0,7,1.5,1.5,1.5,1.5,1.5,1.5,1.5,0,0,0,0.03,2.77,SE,6.03,SW
410,WAC-024,mb4,7/26/2006,10,35,4200,135,1,5.28,0.02,0,0.18,2.04,3.54,3.54,3.54,3.54,3.54,1.86,1.5,0,0.01,3.84,S,3.99,SW
411,WAC-025A,mb4,7/1/2005,10,32.8,2200,45,0,5.43,0.21,-1,0.01,-1,-1,-1,-1,-1,-1,-1,-1,-1,0,8.09,SW,5.72,S
412,WAC-025A,mb4,7/4/2005,74,34,4200,180,22,5.35,0.03,0,0.91,0.95,0.95,0.96,-1,-1,-1,0.04,0,0.01,0,4.23,SE,5.5,E
413,WAC-025A,mb4,7/13/2005,10,33.1,2100,45,0,3.93,0.41,2,0.13,0.13,0.13,0.16,0.91,0.91,0.91,0,0,0.03,0.01,5.22,SW,10.18,SW
414,WAC-025A,mb4,7/31/2005,11199,1,4300,1,2,4.79,0.17,7,0.71,0.71,0.71,0.71,0.71,0.71,0.71,0,0,0,0.01,3.22,NE,3.98,SE
415,WAC-025A,mb4,8/1/2005,52,34.4,2100,225,1,4.78,0.11,0,3.52,4.23,4.23,4.23,4.23,4.23,4.23,0.71,0,0,0.01,4.07,NE,3.22,NE
416,WAC-025A,mb4,8/7/2005,146,34,2300,1,2,4.81,0.06,5,0.97,0.97,0.97,0.97,0.97,0.97,4.49,0,0,0,0.01,9.47,E,2.06,NE
417,WAC-025A,mb4,8/8/2005,12997,28.9,4300,45,22,4.57,0.11,0,0.35,1.32,1.32,1.32,1.32,1.32,1.32,0.97,0,0,0,5.22,NE,9.47,E
418,WAC-025A,mb4,8/18/2005,552,33.3,2000,225,1,7.12,0.98,2,1.59,1.59,1.59,1.6,1.6,1.6,1.6,0,0,0.01,0.01,1.98,E,0.42,NW
419,WAC-025A,mb4,8/24/2005,9804,29.4,2000,45,1,6.03,0.7,4,0.63,0.63,0.63,0.63,0.63,0.76,2.35,0,0,0,0,7.27,NE,1.13,S
420,WAC-025A,mb4,9/15/2005,10,1,4300,1,0,6.41,0.92,0,2.18,4.39,4.93,4.93,4.93,4.93,4.93,2.21,0.54,0,0,3.79,NW,12.15,NW
421,WAC-025A,mb4,9/19/2005,120,31.5,4300,1,0,7.09,0.96,3,0.51,0.51,0.51,0.51,2.69,4.9,5.44,0,0,0,0.01,4.1,S,7,SW
422,WAC-025A,mb4,9/27/2005,134,32.9,2000,1,2,3.82,0.28,6,0.08,0.08,0.08,0.08,0.08,0.08,0.08,0,0,0,0,4.12,NE,9.06,SW
423,WAC-025A,mb4,10/11/2005,161,32.1,2100,225,2,4.9,0.61,1,0.11,0.11,0.77,3.1,7.38,8.32,8.32,0,0.66,2.33,0,9.67,NE,7.57,NE
424,WAC-025A,mb4,5/16/2006,20,34.2,4300,45,1,5.44,0.87,0,0.1,1.11,1.11,1.11,1.11,1.11,1.11,1.01,0,0,0,4.5,SW,10.45,SW
425,WAC-025A,mb4,5/21/2006,20,33.3,2000,45,1,5.27,0.35,0,0.56,0.57,0.62,0.62,0.62,0.72,1.73,0.01,0.05,0,0,6.74,W,8.81,SW
426,WAC-025A,mb4,6/4/2006,272,31.4,2100,1,0,3.54,0.57,7,1.28,1.28,1.28,1.28,1.28,1.28,1.28,0,0,0,0.01,6.46,S,2.31,SW
427,WAC-025A,mb4,6/6/2006,10,34,4200,1,0,4.09,0.75,1,0.23,0.23,1.51,1.51,1.51,1.51,1.51,0,1.28,0,0,4.44,N,4.23,N
428,WAC-025A,mb4,6/15/2006,63,33.7,4300,1,1,5.91,0.81,0,0.38,0.97,1.36,1.36,1.36,1.39,1.88,0.59,0.39,0,0,1.9,SE,6.3,SW
429,WAC-025A,mb4,6/28/2006,1607,32.7,2000,45,1,4.97,0.09,0,0.88,1.36,1.9,1.9,1.9,1.9,1.92,0.48,0.54,0,0.01,4.47,S,7.15,S
430,WAC-025A,mb4,7/7/2006,20,34.8,4300,225,2,4.95,0.86,6,1.24,1.24,1.24,1.24,1.24,1.24,1.24,0,0,0,0.01,6.78,NE,4.07,NE
431,WAC-025A,mb4,7/24/2006,189,34.2,2100,1,1,5.57,0,7,1.5,1.5,1.5,1.5,1.5,1.5,1.5,0,0,0,0.03,2.77,SE,6.03,SW
432,WAC-025A,mb4,7/26/2006,97,33,4200,135,1,5.28,0.02,0,0.18,2.04,3.54,3.54,3.54,3.54,3.54,1.86,1.5,0,0.01,3.84,S,3.99,SW
433,WAC-026,mb4,7/4/2005,31,34,4200,180,22,5.35,0.03,0,0.91,0.95,0.95,0.96,-1,-1,-1,0.04,0,0.01,0,4.23,SE,5.5,E
434,WAC-026,mb4,7/13/2005,10,33.8,2100,45,0,3.93,0.41,2,0.13,0.13,0.13,0.16,0.91,0.91,0.91,0,0,0.03,0.01,5.22,SW,10.18,SW
435,WAC-026,mb4,7/31/2005,95,35,4300,1,2,4.79,0.17,7,0.71,0.71,0.71,0.71,0.71,0.71,0.71,0,0,0,0.01,3.22,NE,3.98,SE
436,WAC-026,mb4,8/1/2005,74,34.1,2100,225,2,4.78,0.11,0,3.52,4.23,4.23,4.23,4.23,4.23,4.23,0.71,0,0,0.01,4.07,NE,3.22,NE
437,WAC-026,mb4,8/7/2005,278,34,2300,1,2,4.81,0.06,5,0.97,0.97,0.97,0.97,0.97,0.97,4.49,0,0,0,0.01,9.47,E,2.06,NE
438,WAC-026,mb4,8/8/2005,624,33.4,4300,45,22,4.57,0.11,0,0.35,1.32,1.32,1.32,1.32,1.32,1.32,0.97,0,0,0,5.22,NE,9.47,E
439,WAC-026,mb4,8/18/2005,531,32.6,2000,225,1,7.12,0.98,2,1.59,1.59,1.59,1.6,1.6,1.6,1.6,0,0,0.01,0.01,1.98,E,0.42,NW
440,WAC-026,mb4,8/24/2005,10,33.6,2000,45,1,6.03,0.7,4,0.63,0.63,0.63,0.63,0.63,0.76,2.35,0,0,0,0,7.27,NE,1.13,S
441,WAC-026,mb4,9/15/2005,20,33,4300,1,0,6.41,0.92,0,2.18,4.39,4.93,4.93,4.93,4.93,4.93,2.21,0.54,0,0,3.79,NW,12.15,NW
442,WAC-026,mb4,9/19/2005,10,32.6,4300,1,0,7.09,0.96,3,0.51,0.51,0.51,0.51,2.69,4.9,5.44,0,0,0,0.01,4.1,S,7,SW
443,WAC-026,mb4,9/27/2005,10,32.7,2000,1,2,3.82,0.28,6,0.08,0.08,0.08,0.08,0.08,0.08,0.08,0,0,0,0,4.12,NE,9.06,SW
444,WAC-026,mb4,5/16/2006,10,34.3,4300,45,1,5.44,0.87,0,0.1,1.11,1.11,1.11,1.11,1.11,1.11,1.01,0,0,0,4.5,SW,10.45,SW
445,WAC-026,mb4,5/21/2006,10,33.6,2000,45,1,5.27,0.35,0,0.56,0.57,0.62,0.62,0.62,0.72,1.73,0.01,0.05,0,0,6.74,W,8.81,SW
446,WAC-026,mb4,6/4/2006,10,33.8,2100,1,0,3.54,0.57,7,1.28,1.28,1.28,1.28,1.28,1.28,1.28,0,0,0,0.01,6.46,S,2.31,SW
447,WAC-026,mb4,6/6/2006,20,34,4200,1,0,4.09,0.75,1,0.23,0.23,1.51,1.51,1.51,1.51,1.51,0,1.28,0,0,4.44,N,4.23,N
448,WAC-026,mb4,6/9/2006,10,34,4200,1,0,5.37,0.95,1,0.49,0.49,0.55,0.78,0.78,2.06,2.06,0,0.06,0.23,0,5.77,SW,9.82,SW
449,WAC-026,mb4,6/15/2006,10,34.4,4300,1,1,5.91,0.81,0,0.38,0.97,1.36,1.36,1.36,1.39,1.88,0.59,0.39,0,0,1.9,SE,6.3,SW
450,WAC-026,mb4,6/28/2006,10,33.9,2000,45,0,4.97,0.09,0,0.88,1.36,1.9,1.9,1.9,1.9,1.92,0.48,0.54,0,0.01,4.47,S,7.15,S
451,WAC-026,mb4,7/7/2006,31,34.7,4300,225,2,4.95,0.86,6,1.24,1.24,1.24,1.24,1.24,1.24,1.24,0,0,0,0.01,6.78,NE,4.07,NE
452,WAC-026,mb4,7/24/2006,20,34,2000,1,1,5.57,0,7,1.5,1.5,1.5,1.5,1.5,1.5,1.5,0,0,0,0.03,2.77,SE,6.03,SW
453,WAC-026,mb4,7/26/2006,10,35,4200,135,1,5.28,0.02,0,0.18,2.04,3.54,3.54,3.54,3.54,3.54,1.86,1.5,0,0.01,3.84,S,3.99,SW
454,WAC-027,mb4,7/4/2005,31,34,4200,180,22,5.35,0.03,0,0.91,0.95,0.95,0.96,-1,-1,-1,0.04,0,0.01,0,4.23,SE,5.5,E
455,WAC-027,mb4,7/13/2005,20,33.2,2100,45,0,3.93,0.41,2,0.13,0.13,0.13,0.16,0.91,0.91,0.91,0,0,0.03,0.01,5.22,SW,10.18,SW
456,WAC-027,mb4,7/31/2005,269,35,4300,1,2,4.79,0.17,7,0.71,0.71,0.71,0.71,0.71,0.71,0.71,0,0,0,0.01,3.22,NE,3.98,SE
457,WAC-027,mb4,8/1/2005,10,34.6,2000,225,2,4.78,0.11,0,3.52,4.23,4.23,4.23,4.23,4.23,4.23,0.71,0,0,0.01,4.07,NE,3.22,NE
458,WAC-027,mb4,8/7/2005,30,34,2300,1,2,4.81,0.06,5,0.97,0.97,0.97,0.97,0.97,0.97,4.49,0,0,0,0.01,9.47,E,2.06,NE
459,WAC-027,mb4,8/8/2005,124,33.3,4300,45,22,4.57,0.11,0,0.35,1.32,1.32,1.32,1.32,1.32,1.32,0.97,0,0,0,5.22,NE,9.47,E
460,WAC-027,mb4,8/18/2005,271,33.4,2000,225,1,7.12,0.98,2,1.59,1.59,1.59,1.6,1.6,1.6,1.6,0,0,0.01,0.01,1.98,E,0.42,NW
461,WAC-027,mb4,8/24/2005,63,34,2200,45,1,6.03,0.7,4,0.63,0.63,0.63,0.63,0.63,0.76,2.35,0,0,0,0,7.27,NE,1.13,S
462,WAC-027,mb4,9/15/2005,10,34,2000,1,0,6.41,0.92,0,2.18,4.39,4.93,4.93,4.93,4.93,4.93,2.21,0.54,0,0,3.79,NW,12.15,NW
463,WAC-027,mb4,9/19/2005,10,32.3,4300,1,0,7.09,0.96,3,0.51,0.51,0.51,0.51,2.69,4.9,5.44,0,0,0,0.01,4.1,S,7,SW
464,WAC-027,mb4,9/27/2005,10,32.9,2000,1,2,3.82,0.28,6,0.08,0.08,0.08,0.08,0.08,0.08,0.08,0,0,0,0,4.12,NE,9.06,SW
465,WAC-027,mb4,10/9/2005,10,33.3,2100,45,2,4.87,0.38,0,0.66,2.99,7.27,8.21,8.21,8.21,8.21,2.33,4.28,0.94,0,3.04,NE,7.36,SW
466,WAC-027,mb4,5/16/2006,10,34.2,4300,45,1,5.44,0.87,0,0.1,1.11,1.11,1.11,1.11,1.11,1.11,1.01,0,0,0,4.5,SW,10.45,SW
467,WAC-027,mb4,5/21/2006,10,33.2,2100,45,1,5.27,0.35,0,0.56,0.57,0.62,0.62,0.62,0.72,1.73,0.01,0.05,0,0,6.74,W,8.81,SW
468,WAC-027,mb4,6/4/2006,10,33.5,2000,1,0,3.54,0.57,7,1.28,1.28,1.28,1.28,1.28,1.28,1.28,0,0,0,0.01,6.46,S,2.31,SW
469,WAC-027,mb4,6/6/2006,10,34,4300,1,0,4.09,0.75,1,0.23,0.23,1.51,1.51,1.51,1.51,1.51,0,1.28,0,0,4.44,N,4.23,N
470,WAC-027,mb4,6/9/2006,10,34,4300,1,0,5.37,0.95,1,0.49,0.49,0.55,0.78,0.78,2.06,2.06,0,0.06,0.23,0,5.77,SW,9.82,SW
471,WAC-027,mb4,6/15/2006,10,34.1,2100,225,2,5.91,0.81,0,0.38,0.97,1.36,1.36,1.36,1.39,1.88,0.59,0.39,0,0,1.9,SE,6.3,SW
472,WAC-027,mb4,7/7/2006,10,35,4200,180,2,4.95,0.86,6,1.24,1.24,1.24,1.24,1.24,1.24,1.24,0,0,0,0.01,6.78,NE,4.07,NE
473,WAC-027,mb4,7/24/2006,10,34.2,2000,1,1,5.57,0,7,1.5,1.5,1.5,1.5,1.5,1.5,1.5,0,0,0,0.03,2.77,SE,6.03,SW
474,WAC-027,mb4,7/26/2006,10,35,4300,135,1,5.28,0.02,0,0.18,2.04,3.54,3.54,3.54,3.54,3.54,1.86,1.5,0,0.01,3.84,S,3.99,SW
475,WAC-028,surfside,5/16/2005,30,33.7,2100,1,2,3.46,0.53,8,0.2,0.2,0.2,0.2,0.2,0.2,0.2,0,0,0,0,1.78,SE,8.1,SW
476,WAC-028,surfside,5/25/2005,173,9,4300,180,2,6.65,0.95,2,0.61,0.61,0.61,0.62,0.9,0.9,0.9,0.02,0,0,0.01,2.94,N,0.35,N
477,WAC-028,surfside,5/31/2005,645,32.7,2100,225,2,5.31,0.37,5,0.73,0.73,0.73,0.73,0.73,0.73,1.34,0,0,0,0,8.57,NE,5.35,NE
478,WAC-028,surfside,6/2/2005,1430,6,4300,1,2,5.72,0.18,0,0.89,0.96,1.69,1.69,1.69,1.69,1.69,0,0.07,0.73,0,2.92,SE,11.02,E
479,WAC-028,surfside,6/3/2005,336,26.7,2200,1,22,5.87,0.1,0,0.34,1.23,1.3,2.03,2.03,2.03,2.03,0,0.89,0.07,0.73,4.7,S,2.92,SE
480,WAC-028,surfside,6/4/2005,571,22,2000,1,22,5.96,0.05,0,0.06,0.4,1.29,1.36,2.09,2.09,2.09,0,0.34,0.89,0.07,6.74,SW,4.7,S
481,WAC-028,surfside,6/27/2005,31,28,2300,1,1,5.96,0.62,0,0.01,0.65,0.65,0.65,0.65,0.65,0.65,0,0.64,0,0,6.61,S,4.55,SE
482,WAC-028,surfside,6/30/2005,4884,32.3,4300,1,1,5.46,0.3,0,0.95,1.15,1.15,1.16,1.8,1.8,1.8,0.01,0.2,0,0.01,5.72,S,2.47,SW
483,WAC-028,surfside,7/1/2005,10,33.5,2100,45,0,5.43,0.21,0,0.34,1.29,1.49,1.49,1.5,2.14,2.14,0.01,0.95,0.2,0,8.09,SW,5.72,S
484,WAC-028,surfside,7/4/2005,243,15,4200,180,22,5.35,0.03,0,0.45,0.57,0.57,0.91,1.86,2.06,2.06,0,0.12,0,0.34,4.23,SE,5.5,E
485,WAC-028,surfside,7/13/2005,20,33.4,2100,45,0,3.93,0.41,1,0.24,0.24,0.25,0.29,0.92,0.92,0.92,0.01,0,0.01,0.04,5.22,SW,10.18,SW
486,WAC-028,surfside,7/31/2005,801,22,4300,1,2,4.79,0.17,8,0.07,0.07,0.07,0.07,0.07,0.07,0.07,0,0,0,0,3.22,NE,3.98,SE
487,WAC-028,surfside,8/1/2005,2924,33.5,2000,225,2,4.78,0.11,0,0.73,0.8,0.8,0.8,0.8,0.8,0.8,0,0.07,0,0,4.07,NE,3.22,NE
488,WAC-028,surfside,8/7/2005,381,26,2300,1,2,4.81,0.06,5,0.21,0.21,0.21,0.21,0.21,0.21,0.94,0,0,0,0,9.47,E,2.06,NE
489,WAC-028,surfside,8/8/2005,24192,16,4300,45,22,4.57,0.11,0,1.91,2.12,2.12,2.12,2.12,2.12,2.12,0.02,0.21,0,0,5.22,NE,9.47,E
490,WAC-028,surfside,8/18/2005,168,33.4,2000,225,1,7.12,0.98,6,0.25,0.25,0.25,0.25,0.25,0.25,0.25,0,0,0,0,1.98,E,0.42,NW
491,WAC-028,surfside,8/24/2005,496,33.1,2100,45,1,6.03,0.7,4,0.82,0.82,0.82,0.82,0.82,0.83,1.08,0.01,0,0,0,7.27,NE,1.13,S
492,WAC-028,surfside,9/15/2005,1421,8,2000,1,0,6.41,0.92,0,1.66,3.53,4.02,4.02,4.02,4.02,4.02,0,1.87,0.49,0,3.79,NW,12.15,NW
493,WAC-028,surfside,9/19/2005,10,32.8,4200,1,0,7.09,0.96,3,0.05,0.05,0.05,0.05,1.71,3.58,4.07,0,0,0,0,4.1,S,7,SW
494,WAC-028,surfside,10/9/2005,316,21.5,2100,45,2,4.87,0.38,0,0.51,3.18,6.19,7,7.01,7.01,7.01,0,2.67,3.01,0.81,3.04,NE,7.36,SW
495,WAC-028,surfside,5/16/2006,160,32.7,4300,45,1,5.44,0.87,0,0.1,0.8,0.8,0.8,0.8,0.8,0.8,0,0.7,0,0,4.5,SW,10.45,SW
496,WAC-028,surfside,5/21/2006,10,32.1,2100,45,1,5.27,0.35,0,0.35,0.39,0.56,0.56,0.57,0.67,1.37,0,0.04,0.17,0,6.74,W,8.81,SW
497,WAC-028,surfside,5/28/2006,216,6,4200,180,1,6.3,0.03,0,0.18,0.56,0.56,0.56,0.56,0.56,0.57,0,0.38,0,0,3.12,E,1.45,W
498,WAC-028,surfside,6/4/2006,350,30.6,2000,1,0,3.54,0.57,6,0.71,0.71,0.71,0.71,0.71,0.71,0.71,0,0,0,0,6.46,S,2.31,SW
499,WAC-028,surfside,6/6/2006,10,34,4300,1,0,4.09,0.75,0,0.3,0.31,1.02,1.02,1.02,1.02,1.02,0.01,0.01,0.71,0,4.44,N,4.23,N
500,WAC-028,surfside,6/9/2006,644,8,4300,1,0,5.37,0.95,0,0.71,0.72,0.73,1.03,1.04,1.75,1.75,0.01,0.01,0.01,0.3,5.77,SW,9.82,SW
501,WAC-028,surfside,6/15/2006,10,33.9,2100,225,2,5.91,0.81,0,0.21,0.63,0.99,0.99,0.99,1,1.71,0,0.42,0.36,0,1.9,SE,6.3,SW
502,WAC-028,surfside,6/28/2006,10,33.7,4300,45,0,4.97,0.09,0,0.93,1.05,1.6,1.6,1.6,1.6,1.61,0.01,0.12,0.55,0,4.47,S,7.15,S
503,WAC-028,surfside,6/28/2006,31,33.7,4300,45,0,4.97,0.09,0,0.93,1.05,1.6,1.6,1.6,1.6,1.61,0.01,0.12,0.55,0,4.47,S,7.15,S
504,WAC-028,surfside,7/7/2006,20,35.2,4300,180,2,4.95,0.86,6,0.82,0.82,0.82,0.82,0.82,0.82,0.82,0,0,0,0,6.78,NE,4.07,NE
505,WAC-028,surfside,7/13/2006,10,35,4300,45,0,6.65,0.91,4,0.03,0.03,0.03,0.03,0.03,0.04,0.86,0,0,0,0,14.17,SW,10.76,SW
506,WAC-028,surfside,7/17/2006,31,34.5,2100,1,0,5.89,0.51,0,0.01,0.61,0.61,0.61,0.64,0.64,0.64,0,0.6,0,0,2.64,SE,2.81,NE
507,WAC-028,surfside,7/24/2006,17329,27.9,2000,1,1,5.57,0,6,1,1,1,1,1,1,1,0.01,0,0,0,2.77,SE,6.03,SW
508,WAC-028,surfside,7/26/2006,146,30,4300,135,1,5.28,0.02,0,0.19,2.04,3.04,3.04,3.04,3.04,3.04,0.01,1.85,1,0,3.84,S,3.99,SW
509,WAC-028,surfside,7/27/2006,146,28,4300,0,1,4.95,0.06,0,0.23,0.42,2.27,3.27,3.27,3.27,3.27,0,0.19,1.85,1,8.62,SW,3.84,S
510,WAC-029,surfside,5/16/2005,10,34.3,2100,1,2,3.46,0.53,8,0.2,0.2,0.2,0.2,0.2,0.2,0.2,0,0,0,0,1.78,SE,8.1,SW
511,WAC-029,surfside,5/25/2005,10,33,4300,180,2,6.65,0.95,2,0.61,0.61,0.61,0.62,0.9,0.9,0.9,0.02,0,0,0.01,2.94,N,0.35,N
512,WAC-029,surfside,5/31/2005,238,34.2,2000,225,2,5.31,0.37,5,0.73,0.73,0.73,0.73,0.73,0.73,1.34,0,0,0,0,8.57,NE,5.35,NE
513,WAC-029,surfside,6/2/2005,10,33,4300,1,2,5.72,0.18,0,0.89,0.96,1.69,1.69,1.69,1.69,1.69,0,0.07,0.73,0,2.92,SE,11.02,E
514,WAC-029,surfside,6/3/2005,20,34.1,2100,1,22,5.87,0.1,0,0.34,1.23,1.3,2.03,2.03,2.03,2.03,0,0.89,0.07,0.73,4.7,S,2.92,SE
515,WAC-029,surfside,6/26/2005,657,31,2200,1,2,6.21,0.73,15,0.64,0.64,0.64,0.64,0.64,0.64,0.64,0,0,0,0,4.55,SE,9.27,NE
516,WAC-029,surfside,6/27/2005,10,33,2200,1,1,5.96,0.62,0,0.01,0.65,0.65,0.65,0.65,0.65,0.65,0,0.64,0,0,6.61,S,4.55,SE
517,WAC-029,surfside,6/30/2005,31,33.5,4300,1,1,5.46,0.3,0,0.95,1.15,1.15,1.16,1.8,1.8,1.8,0.01,0.2,0,0.01,5.72,S,2.47,SW
518,WAC-029,surfside,7/4/2005,20,34,4200,180,22,5.35,0.03,0,0.45,0.57,0.57,0.91,1.86,2.06,2.06,0,0.12,0,0.34,4.23,SE,5.5,E
519,WAC-029,surfside,7/13/2005,31,33.5,2100,45,0,3.93,0.41,1,0.24,0.24,0.25,0.29,0.92,0.92,0.92,0.01,0,0.01,0.04,5.22,SW,10.18,SW
520,WAC-029,surfside,7/31/2005,24192,14,4300,1,2,4.79,0.17,8,0.07,0.07,0.07,0.07,0.07,0.07,0.07,0,0,0,0,3.22,NE,3.98,SE
521,WAC-029,surfside,8/1/2005,1607,34.5,2000,225,2,4.78,0.11,0,0.73,0.8,0.8,0.8,0.8,0.8,0.8,0,0.07,0,0,4.07,NE,3.22,NE
522,WAC-029,surfside,8/7/2005,10,34,2200,1,2,4.81,0.06,5,0.21,0.21,0.21,0.21,0.21,0.21,0.94,0,0,0,0,9.47,E,2.06,NE
523,WAC-029,surfside,8/8/2005,10462,33.4,4300,45,22,4.57,0.11,0,1.91,2.12,2.12,2.12,2.12,2.12,2.12,0.02,0.21,0,0,5.22,NE,9.47,E
524,WAC-029,surfside,8/18/2005,178,32.7,2000,225,1,7.12,0.98,6,0.25,0.25,0.25,0.25,0.25,0.25,0.25,0,0,0,0,1.98,E,0.42,NW
525,WAC-029,surfside,8/24/2005,74,33.3,2100,45,1,6.03,0.7,4,0.82,0.82,0.82,0.82,0.82,0.83,1.08,0.01,0,0,0,7.27,NE,1.13,S
526,WAC-029,surfside,9/15/2005,30,34,2000,1,0,6.41,0.92,0,1.66,3.53,4.02,4.02,4.02,4.02,4.02,0,1.87,0.49,0,3.79,NW,12.15,NW
527,WAC-029,surfside,9/19/2005,10,32.6,4200,1,0,7.09,0.96,3,0.05,0.05,0.05,0.05,1.71,3.58,4.07,0,0,0,0,4.1,S,7,SW
528,WAC-029,surfside,10/9/2005,52,33.2,2100,45,2,4.87,0.38,0,0.51,3.18,6.19,7,7.01,7.01,7.01,0,2.67,3.01,0.81,3.04,NE,7.36,SW
529,WAC-029,surfside,5/16/2006,192,34,4300,45,1,5.44,0.87,0,0.1,0.8,0.8,0.8,0.8,0.8,0.8,0,0.7,0,0,4.5,SW,10.45,SW
530,WAC-029,surfside,5/21/2006,10,33.4,2100,45,1,5.27,0.35,0,0.35,0.39,0.56,0.56,0.57,0.67,1.37,0,0.04,0.17,0,6.74,W,8.81,SW
531,WAC-029,surfside,5/28/2006,31,34,4200,180,1,6.3,0.03,0,0.18,0.56,0.56,0.56,0.56,0.56,0.57,0,0.38,0,0,3.12,E,1.45,W
532,WAC-029,surfside,6/4/2006,10,33.3,2000,1,0,3.54,0.57,6,0.71,0.71,0.71,0.71,0.71,0.71,0.71,0,0,0,0,6.46,S,2.31,SW
533,WAC-029,surfside,6/6/2006,10,34,4300,1,0,4.09,0.75,0,0.3,0.31,1.02,1.02,1.02,1.02,1.02,0.01,0.01,0.71,0,4.44,N,4.23,N
534,WAC-029,surfside,6/9/2006,10,34,4300,1,0,5.37,0.95,0,0.71,0.72,0.73,1.03,1.04,1.75,1.75,0.01,0.01,0.01,0.3,5.77,SW,9.82,SW
535,WAC-029,surfside,6/15/2006,10,33.8,2100,225,2,5.91,0.81,0,0.21,0.63,0.99,0.99,0.99,1,1.71,0,0.42,0.36,0,1.9,SE,6.3,SW
536,WAC-029,surfside,6/28/2006,10,33.9,4300,45,0,4.97,0.09,0,0.93,1.05,1.6,1.6,1.6,1.6,1.61,0.01,0.12,0.55,0,4.47,S,7.15,S
537,WAC-029,surfside,7/7/2006,42,34.9,4300,180,2,4.95,0.86,6,0.82,0.82,0.82,0.82,0.82,0.82,0.82,0,0,0,0,6.78,NE,4.07,NE
538,WAC-029,surfside,7/13/2006,10,35.2,4200,45,0,6.65,0.91,4,0.03,0.03,0.03,0.03,0.03,0.04,0.86,0,0,0,0,14.17,SW,10.76,SW
539,WAC-029,surfside,7/17/2006,10,35,2000,1,0,5.89,0.51,0,0.01,0.61,0.61,0.61,0.64,0.64,0.64,0,0.6,0,0,2.64,SE,2.81,NE
540,WAC-029,surfside,7/24/2006,41,34.3,2000,1,1,5.57,0,6,1,1,1,1,1,1,1,0.01,0,0,0,2.77,SE,6.03,SW
541,WAC-029,surfside,7/26/2006,10,35,4300,135,1,5.28,0.02,0,0.19,2.04,3.04,3.04,3.04,3.04,3.04,0.01,1.85,1,0,3.84,S,3.99,SW
542,WAC-029,surfside,7/27/2006,10,35,2000,0,1,4.95,0.06,0,0.23,0.42,2.27,3.27,3.27,3.27,3.27,0,0.19,1.85,1,8.62,SW,3.84,S
543,WAC-029A,surfside,5/16/2005,10,34.3,2100,1,2,3.46,0.53,8,0.2,0.2,0.2,0.2,0.2,0.2,0.2,0,0,0,0,1.78,SE,8.1,SW
544,WAC-029A,surfside,5/25/2005,41,33,4300,180,2,6.65,0.95,2,0.61,0.61,0.61,0.62,0.9,0.9,0.9,0.02,0,0,0.01,2.94,N,0.35,N
545,WAC-029A,surfside,5/31/2005,20,34.4,2000,225,2,5.31,0.37,5,0.73,0.73,0.73,0.73,0.73,0.73,1.34,0,0,0,0,8.57,NE,5.35,NE
546,WAC-029A,surfside,6/2/2005,428,23,4200,1,2,5.72,0.18,0,0.89,0.96,1.69,1.69,1.69,1.69,1.69,0,0.07,0.73,0,2.92,SE,11.02,E
547,WAC-029A,surfside,6/3/2005,1354,28,2100,1,22,5.87,0.1,0,0.34,1.23,1.3,2.03,2.03,2.03,2.03,0,0.89,0.07,0.73,4.7,S,2.92,SE
548,WAC-029A,surfside,6/26/2005,30,33,2200,1,2,6.21,0.73,15,0.64,0.64,0.64,0.64,0.64,0.64,0.64,0,0,0,0,4.55,SE,9.27,NE
549,WAC-029A,surfside,6/30/2005,311,31.5,4300,1,1,5.46,0.3,0,0.95,1.15,1.15,1.16,1.8,1.8,1.8,0.01,0.2,0,0.01,5.72,S,2.47,SW
550,WAC-029A,surfside,7/1/2005,10,32.8,2100,45,0,5.43,0.21,0,0.34,1.29,1.49,1.49,1.5,2.14,2.14,0.01,0.95,0.2,0,8.09,SW,5.72,S
551,WAC-029A,surfside,7/4/2005,134,31,4200,180,22,5.35,0.03,0,0.45,0.57,0.57,0.91,1.86,2.06,2.06,0,0.12,0,0.34,4.23,SE,5.5,E
552,WAC-029A,surfside,7/13/2005,42,33.4,2000,45,0,3.93,0.41,1,0.24,0.24,0.25,0.29,0.92,0.92,0.92,0.01,0,0.01,0.04,5.22,SW,10.18,SW
553,WAC-029A,surfside,7/31/2005,2909,6,4300,1,2,4.79,0.17,8,0.07,0.07,0.07,0.07,0.07,0.07,0.07,0,0,0,0,3.22,NE,3.98,SE
554,WAC-029A,surfside,8/1/2005,146,34.6,2000,225,2,4.78,0.11,0,0.73,0.8,0.8,0.8,0.8,0.8,0.8,0,0.07,0,0,4.07,NE,3.22,NE
555,WAC-029A,surfside,8/7/2005,10,34,2200,1,2,4.81,0.06,5,0.21,0.21,0.21,0.21,0.21,0.21,0.94,0,0,0,0,9.47,E,2.06,NE
556,WAC-029A,surfside,8/8/2005,8664,28.1,4300,45,22,4.57,0.11,0,1.91,2.12,2.12,2.12,2.12,2.12,2.12,0.02,0.21,0,0,5.22,NE,9.47,E
557,WAC-029A,surfside,8/18/2005,143,33.3,2000,225,1,7.12,0.98,6,0.25,0.25,0.25,0.25,0.25,0.25,0.25,0,0,0,0,1.98,E,0.42,NW
558,WAC-029A,surfside,8/24/2005,214,34,2100,45,1,6.03,0.7,4,0.82,0.82,0.82,0.82,0.82,0.83,1.08,0.01,0,0,0,7.27,NE,1.13,S
559,WAC-029A,surfside,9/15/2005,410,22,4300,1,0,6.41,0.92,0,1.66,3.53,4.02,4.02,4.02,4.02,4.02,0,1.87,0.49,0,3.79,NW,12.15,NW
560,WAC-029A,surfside,9/19/2005,479,30.3,4200,1,0,7.09,0.96,3,0.05,0.05,0.05,0.05,1.71,3.58,4.07,0,0,0,0,4.1,S,7,SW
561,WAC-029A,surfside,10/9/2005,40,32.3,2100,45,2,4.87,0.38,0,0.51,3.18,6.19,7,7.01,7.01,7.01,0,2.67,3.01,0.81,3.04,NE,7.36,SW
562,WAC-029A,surfside,5/16/2006,20,33.3,4300,45,1,5.44,0.87,0,0.1,0.8,0.8,0.8,0.8,0.8,0.8,0,0.7,0,0,4.5,SW,10.45,SW
563,WAC-029A,surfside,5/21/2006,10,33.4,2100,45,1,5.27,0.35,0,0.35,0.39,0.56,0.56,0.57,0.67,1.37,0,0.04,0.17,0,6.74,W,8.81,SW
564,WAC-029A,surfside,5/28/2006,30,31,4200,180,1,6.3,0.03,0,0.18,0.56,0.56,0.56,0.56,0.56,0.57,0,0.38,0,0,3.12,E,1.45,W
565,WAC-029A,surfside,6/4/2006,31,32.6,2000,1,0,3.54,0.57,6,0.71,0.71,0.71,0.71,0.71,0.71,0.71,0,0,0,0,6.46,S,2.31,SW
566,WAC-029A,surfside,6/6/2006,10,34,4300,1,0,4.09,0.75,0,0.3,0.31,1.02,1.02,1.02,1.02,1.02,0.01,0.01,0.71,0,4.44,N,4.23,N
567,WAC-029A,surfside,6/9/2006,10,34,4300,1,0,5.37,0.95,0,0.71,0.72,0.73,1.03,1.04,1.75,1.75,0.01,0.01,0.01,0.3,5.77,SW,9.82,SW
568,WAC-029A,surfside,6/15/2006,41,33.3,2100,225,2,5.91,0.81,0,0.21,0.63,0.99,0.99,0.99,1,1.71,0,0.42,0.36,0,1.9,SE,6.3,SW
569,WAC-029A,surfside,6/28/2006,504,32.8,4300,45,0,4.97,0.09,0,0.93,1.05,1.6,1.6,1.6,1.6,1.61,0.01,0.12,0.55,0,4.47,S,7.15,S
570,WAC-029A,surfside,7/7/2006,10,35.1,4300,180,2,4.95,0.86,6,0.82,0.82,0.82,0.82,0.82,0.82,0.82,0,0,0,0,6.78,NE,4.07,NE
571,WAC-029A,surfside,7/13/2006,10,35.1,4200,45,0,6.65,0.91,4,0.03,0.03,0.03,0.03,0.03,0.04,0.86,0,0,0,0,14.17,SW,10.76,SW
572,WAC-029A,surfside,7/17/2006,406,34.5,2000,1,0,5.89,0.51,0,0.01,0.61,0.61,0.61,0.64,0.64,0.64,0,0.6,0,0,2.64,SE,2.81,NE
573,WAC-029A,surfside,7/24/2006,393,32.4,2000,1,1,5.57,0,6,1,1,1,1,1,1,1,0.01,0,0,0,2.77,SE,6.03,SW
574,WAC-029A,surfside,7/26/2006,10,35,4200,135,1,5.28,0.02,0,0.19,2.04,3.04,3.04,3.04,3.04,3.04,0.01,1.85,1,0,3.84,S,3.99,SW
575,WAC-029A,surfside,7/27/2006,10,35,2000,0,1,4.95,0.06,0,0.23,0.42,2.27,3.27,3.27,3.27,3.27,0,0.19,1.85,1,8.62,SW,3.84,S
576,WAC-030,surfside,5/16/2005,10,34.3,2100,1,2,3.46,0.53,8,0.2,0.2,0.2,0.2,0.2,0.2,0.2,0,0,0,0,1.78,SE,8.1,SW
577,WAC-030,surfside,5/25/2005,10,33,4300,180,2,6.65,0.95,2,0.61,0.61,0.61,0.62,0.9,0.9,0.9,0.02,0,0,0.01,2.94,N,0.35,N
578,WAC-030,surfside,5/31/2005,20,34.1,2000,225,2,5.31,0.37,5,0.73,0.73,0.73,0.73,0.73,0.73,1.34,0,0,0,0,8.57,NE,5.35,NE
579,WAC-030,surfside,6/2/2005,41,33,4200,1,2,5.72,0.18,0,0.89,0.96,1.69,1.69,1.69,1.69,1.69,0,0.07,0.73,0,2.92,SE,11.02,E
580,WAC-030,surfside,6/3/2005,87,33.4,2100,1,22,5.87,0.1,0,0.34,1.23,1.3,2.03,2.03,2.03,2.03,0,0.89,0.07,0.73,4.7,S,2.92,SE
581,WAC-030,surfside,6/4/2005,10,32,2000,1,22,5.96,0.05,0,0.06,0.4,1.29,1.36,2.09,2.09,2.09,0,0.34,0.89,0.07,6.74,SW,4.7,S
582,WAC-030,surfside,6/26/2005,73,33,2200,1,2,6.21,0.73,15,0.64,0.64,0.64,0.64,0.64,0.64,0.64,0,0,0,0,4.55,SE,9.27,NE
583,WAC-030,surfside,6/30/2005,31,33.2,4300,1,1,5.46,0.3,0,0.95,1.15,1.15,1.16,1.8,1.8,1.8,0.01,0.2,0,0.01,5.72,S,2.47,SW
584,WAC-030,surfside,7/4/2005,31,34,4200,180,22,5.35,0.03,0,0.45,0.57,0.57,0.91,1.86,2.06,2.06,0,0.12,0,0.34,4.23,SE,5.5,E
585,WAC-030,surfside,7/13/2005,20,33.3,2000,45,0,3.93,0.41,1,0.24,0.24,0.25,0.29,0.92,0.92,0.92,0.01,0,0.01,0.04,5.22,SW,10.18,SW
586,WAC-030,surfside,7/31/2005,30,35,4300,1,2,4.79,0.17,8,0.07,0.07,0.07,0.07,0.07,0.07,0.07,0,0,0,0,3.22,NE,3.98,SE
587,WAC-030,surfside,8/1/2005,171,34.5,2000,225,2,4.78,0.11,0,0.73,0.8,0.8,0.8,0.8,0.8,0.8,0,0.07,0,0,4.07,NE,3.22,NE
588,WAC-030,surfside,8/8/2005,934,33.3,4200,45,22,4.57,0.11,0,1.91,2.12,2.12,2.12,2.12,2.12,2.12,0.02,0.21,0,0,5.22,NE,9.47,E
589,WAC-030,surfside,8/18/2005,110,33.1,4300,225,1,7.12,0.98,6,0.25,0.25,0.25,0.25,0.25,0.25,0.25,0,0,0,0,1.98,E,0.42,NW
590,WAC-030,surfside,8/24/2005,97,34,2100,45,1,6.03,0.7,4,0.82,0.82,0.82,0.82,0.82,0.83,1.08,0.01,0,0,0,7.27,NE,1.13,S
591,WAC-030,surfside,8/25/2005,5475,22,2200,180,2,5.55,0.6,0,4.39,5.21,5.21,5.21,5.21,5.21,5.22,0.01,0.82,0,0,9.54,NE,7.27,NE
592,WAC-030,surfside,9/15/2005,20,34,4300,1,0,6.41,0.92,0,1.66,3.53,4.02,4.02,4.02,4.02,4.02,0,1.87,0.49,0,3.79,NW,12.15,NW
593,WAC-030,surfside,10/9/2005,10,33,2100,45,2,4.87,0.38,0,0.51,3.18,6.19,7,7.01,7.01,7.01,0,2.67,3.01,0.81,3.04,NE,7.36,SW
594,WAC-030,surfside,5/16/2006,10,33.9,4200,45,1,5.44,0.87,0,0.1,0.8,0.8,0.8,0.8,0.8,0.8,0,0.7,0,0,4.5,SW,10.45,SW
595,WAC-030,surfside,5/21/2006,10,33.2,2000,45,1,5.27,0.35,0,0.35,0.39,0.56,0.56,0.57,0.67,1.37,0,0.04,0.17,0,6.74,W,8.81,SW
596,WAC-030,surfside,5/28/2006,10,34,4200,180,1,6.3,0.03,0,0.18,0.56,0.56,0.56,0.56,0.56,0.57,0,0.38,0,0,3.12,E,1.45,W
597,WAC-030,surfside,6/4/2006,20,33.4,2000,1,0,3.54,0.57,6,0.71,0.71,0.71,0.71,0.71,0.71,0.71,0,0,0,0,6.46,S,2.31,SW
598,WAC-030,surfside,6/6/2006,119,34,4300,1,0,4.09,0.75,0,0.3,0.31,1.02,1.02,1.02,1.02,1.02,0.01,0.01,0.71,0,4.44,N,4.23,N
599,WAC-030,surfside,6/9/2006,20,34,4300,1,0,5.37,0.95,0,0.71,0.72,0.73,1.03,1.04,1.75,1.75,0.01,0.01,0.01,0.3,5.77,SW,9.82,SW
600,WAC-030,surfside,6/15/2006,10,33.7,2100,225,2,5.91,0.81,0,0.21,0.63,0.99,0.99,0.99,1,1.71,0,0.42,0.36,0,1.9,SE,6.3,SW
601,WAC-030,surfside,6/28/2006,10,33.8,4300,45,0,4.97,0.09,0,0.93,1.05,1.6,1.6,1.6,1.6,1.61,0.01,0.12,0.55,0,4.47,S,7.15,S
602,WAC-030,surfside,7/7/2006,74,35,4300,180,2,4.95,0.86,6,0.82,0.82,0.82,0.82,0.82,0.82,0.82,0,0,0,0,6.78,NE,4.07,NE
603,WAC-030,surfside,7/13/2006,10,35.1,2200,45,0,6.65,0.91,4,0.03,0.03,0.03,0.03,0.03,0.04,0.86,0,0,0,0,14.17,SW,10.76,SW
604,WAC-030,surfside,7/17/2006,10,34.5,2000,1,0,5.89,0.51,0,0.01,0.61,0.61,0.61,0.64,0.64,0.64,0,0.6,0,0,2.64,SE,2.81,NE
605,WAC-030,surfside,7/24/2006,31,34,4300,1,1,5.57,0,6,1,1,1,1,1,1,1,0.01,0,0,0,2.77,SE,6.03,SW
606,WAC-030,surfside,7/26/2006,10,35,4200,135,1,5.28,0.02,0,0.19,2.04,3.04,3.04,3.04,3.04,3.04,0.01,1.85,1,0,3.84,S,3.99,SW
607,WAC-030,surfside,7/27/2006,10,35,4300,0,1,4.95,0.06,0,0.23,0.42,2.27,3.27,3.27,3.27,3.27,0,0.19,1.85,1,8.62,SW,3.84,S
608,WAC-031,surfside,5/16/2005,10,34.1,2000,1,2,3.46,0.53,8,0.2,0.2,0.2,0.2,0.2,0.2,0.2,0,0,0,0,1.78,SE,8.1,SW
609,WAC-031,surfside,5/25/2005,41,33,4200,180,2,6.65,0.95,2,0.61,0.61,0.61,0.62,0.9,0.9,0.9,0.02,0,0,0.01,2.94,N,0.35,N
610,WAC-031,surfside,5/31/2005,20,34.3,2000,225,2,5.31,0.37,5,0.73,0.73,0.73,0.73,0.73,0.73,1.34,0,0,0,0,8.57,NE,5.35,NE
611,WAC-031,surfside,6/2/2005,20,33,4200,1,2,5.72,0.18,0,0.89,0.96,1.69,1.69,1.69,1.69,1.69,0,0.07,0.73,0,2.92,SE,11.02,E
612,WAC-031,surfside,6/3/2005,31,33.7,2100,1,22,5.87,0.1,0,0.34,1.23,1.3,2.03,2.03,2.03,2.03,0,0.89,0.07,0.73,4.7,S,2.92,SE
613,WAC-031,surfside,6/4/2005,31,28,2000,1,22,5.96,0.05,0,0.06,0.4,1.29,1.36,2.09,2.09,2.09,0,0.34,0.89,0.07,6.74,SW,4.7,S
614,WAC-031,surfside,6/26/2005,10,33,2200,1,2,6.21,0.73,15,0.64,0.64,0.64,0.64,0.64,0.64,0.64,0,0,0,0,4.55,SE,9.27,NE
615,WAC-031,surfside,6/30/2005,109,28.1,4300,1,1,5.46,0.3,0,0.95,1.15,1.15,1.16,1.8,1.8,1.8,0.01,0.2,0,0.01,5.72,S,2.47,SW
616,WAC-031,surfside,7/1/2005,10,32.7,2100,45,0,5.43,0.21,0,0.34,1.29,1.49,1.49,1.5,2.14,2.14,0.01,0.95,0.2,0,8.09,SW,5.72,S
617,WAC-031,surfside,7/4/2005,10,34,4200,180,22,5.35,0.03,0,0.45,0.57,0.57,0.91,1.86,2.06,2.06,0,0.12,0,0.34,4.23,SE,5.5,E
618,WAC-031,surfside,7/13/2005,42,33.1,2000,45,0,3.93,0.41,1,0.24,0.24,0.25,0.29,0.92,0.92,0.92,0.01,0,0.01,0.04,5.22,SW,10.18,SW
619,WAC-031,surfside,7/31/2005,10,35,4200,1,2,4.79,0.17,8,0.07,0.07,0.07,0.07,0.07,0.07,0.07,0,0,0,0,3.22,NE,3.98,SE
620,WAC-031,surfside,8/1/2005,73,34.6,2000,225,2,4.78,0.11,0,0.73,0.8,0.8,0.8,0.8,0.8,0.8,0,0.07,0,0,4.07,NE,3.22,NE
621,WAC-031,surfside,8/8/2005,683,30.6,4200,45,22,4.57,0.11,0,1.91,2.12,2.12,2.12,2.12,2.12,2.12,0.02,0.21,0,0,5.22,NE,9.47,E
622,WAC-031,surfside,8/18/2005,124,33.4,4300,225,1,7.12,0.98,6,0.25,0.25,0.25,0.25,0.25,0.25,0.25,0,0,0,0,1.98,E,0.42,NW
623,WAC-031,surfside,8/24/2005,169,34,2100,45,1,6.03,0.7,4,0.82,0.82,0.82,0.82,0.82,0.83,1.08,0.01,0,0,0,7.27,NE,1.13,S
624,WAC-031,surfside,8/25/2005,2851,5,2200,180,2,5.55,0.6,0,4.39,5.21,5.21,5.21,5.21,5.21,5.22,0.01,0.82,0,0,9.54,NE,7.27,NE
625,WAC-031,surfside,9/15/2005,467,23,4300,1,0,6.41,0.92,0,1.66,3.53,4.02,4.02,4.02,4.02,4.02,0,1.87,0.49,0,3.79,NW,12.15,NW
626,WAC-031,surfside,10/9/2005,135,31.5,2100,45,2,4.87,0.38,0,0.51,3.18,6.19,7,7.01,7.01,7.01,0,2.67,3.01,0.81,3.04,NE,7.36,SW
627,WAC-031,surfside,5/16/2006,20,32.7,4200,45,1,5.44,0.87,0,0.1,0.8,0.8,0.8,0.8,0.8,0.8,0,0.7,0,0,4.5,SW,10.45,SW
628,WAC-031,surfside,5/21/2006,20,33.2,2000,45,1,5.27,0.35,0,0.35,0.39,0.56,0.56,0.57,0.67,1.37,0,0.04,0.17,0,6.74,W,8.81,SW
629,WAC-031,surfside,5/28/2006,85,34,4200,180,1,6.3,0.03,0,0.18,0.56,0.56,0.56,0.56,0.56,0.57,0,0.38,0,0,3.12,E,1.45,W
630,WAC-031,surfside,6/4/2006,10,33.6,2000,1,0,3.54,0.57,6,0.71,0.71,0.71,0.71,0.71,0.71,0.71,0,0,0,0,6.46,S,2.31,SW
631,WAC-031,surfside,6/6/2006,10,34,4200,1,0,4.09,0.75,0,0.3,0.31,1.02,1.02,1.02,1.02,1.02,0.01,0.01,0.71,0,4.44,N,4.23,N
632,WAC-031,surfside,6/9/2006,10,34,4200,1,0,5.37,0.95,0,0.71,0.72,0.73,1.03,1.04,1.75,1.75,0.01,0.01,0.01,0.3,5.77,SW,9.82,SW
633,WAC-031,surfside,6/15/2006,10,33.9,2100,225,2,5.91,0.81,0,0.21,0.63,0.99,0.99,0.99,1,1.71,0,0.42,0.36,0,1.9,SE,6.3,SW
634,WAC-031,surfside,6/28/2006,10,33.8,4300,45,0,4.97,0.09,0,0.93,1.05,1.6,1.6,1.6,1.6,1.61,0.01,0.12,0.55,0,4.47,S,7.15,S
635,WAC-031,surfside,7/7/2006,52,35,4200,180,2,4.95,0.86,6,0.82,0.82,0.82,0.82,0.82,0.82,0.82,0,0,0,0,6.78,NE,4.07,NE
636,WAC-031,surfside,7/13/2006,10,35.1,2200,45,0,6.65,0.91,4,0.03,0.03,0.03,0.03,0.03,0.04,0.86,0,0,0,0,14.17,SW,10.76,SW
637,WAC-031,surfside,7/17/2006,10,34.6,2000,1,0,5.89,0.51,0,0.01,0.61,0.61,0.61,0.64,0.64,0.64,0,0.6,0,0,2.64,SE,2.81,NE
638,WAC-031,surfside,7/24/2006,10,34.2,4300,1,1,5.57,0,6,1,1,1,1,1,1,1,0.01,0,0,0,2.77,SE,6.03,SW
639,WAC-031,surfside,7/26/2006,10,34,4200,135,1,5.28,0.02,0,0.19,2.04,3.04,3.04,3.04,3.04,3.04,0.01,1.85,1,0,3.84,S,3.99,SW
640,WAC-031,surfside,7/27/2006,20,35,4300,0,1,4.95,0.06,0,0.23,0.42,2.27,3.27,3.27,3.27,3.27,0,0.19,1.85,1,8.62,SW,3.84,S
641,WAC-031A,surfside,5/16/2005,10,34,2000,1,2,3.46,0.53,8,0.2,0.2,0.2,0.2,0.2,0.2,0.2,0,0,0,0,1.78,SE,8.1,SW
642,WAC-031A,surfside,5/25/2005,712,7,4200,180,2,6.65,0.95,2,0.61,0.61,0.61,0.62,0.9,0.9,0.9,0.02,0,0,0.01,2.94,N,0.35,N
643,WAC-031A,surfside,5/31/2005,20,34.4,2000,225,2,5.31,0.37,5,0.73,0.73,0.73,0.73,0.73,0.73,1.34,0,0,0,0,8.57,NE,5.35,NE
644,WAC-031A,surfside,6/2/2005,24192,15,4200,1,2,5.72,0.18,0,0.89,0.96,1.69,1.69,1.69,1.69,1.69,0,0.07,0.73,0,2.92,SE,11.02,E
645,WAC-031A,surfside,6/3/2005,134,24.9,2100,1,22,5.87,0.1,0,0.34,1.23,1.3,2.03,2.03,2.03,2.03,0,0.89,0.07,0.73,4.7,S,2.92,SE
646,WAC-031A,surfside,6/4/2005,211,26,2000,1,22,5.96,0.05,0,0.06,0.4,1.29,1.36,2.09,2.09,2.09,0,0.34,0.89,0.07,6.74,SW,4.7,S
647,WAC-031A,surfside,6/26/2005,539,27,2100,1,2,6.21,0.73,15,0.64,0.64,0.64,0.64,0.64,0.64,0.64,0,0,0,0,4.55,SE,9.27,NE
648,WAC-031A,surfside,6/27/2005,309,27,2200,1,1,5.96,0.62,0,0.01,0.65,0.65,0.65,0.65,0.65,0.65,0,0.64,0,0,6.61,S,4.55,SE
649,WAC-031A,surfside,6/29/2005,364,24,2300,0,22,5.47,0.4,1,0.2,0.2,0.21,0.85,0.85,0.85,0.85,0,0,0.01,0.64,2.47,SW,3.32,SE
650,WAC-031A,surfside,6/30/2005,137,33.4,4200,1,1,5.46,0.3,0,0.95,1.15,1.15,1.16,1.8,1.8,1.8,0.01,0.2,0,0.01,5.72,S,2.47,SW
651,WAC-031A,surfside,7/1/2005,10,33.1,2100,45,0,5.43,0.21,0,0.34,1.29,1.49,1.49,1.5,2.14,2.14,0.01,0.95,0.2,0,8.09,SW,5.72,S
652,WAC-031A,surfside,7/4/2005,97,35,4200,180,22,5.35,0.03,0,0.45,0.57,0.57,0.91,1.86,2.06,2.06,0,0.12,0,0.34,4.23,SE,5.5,E
653,WAC-031A,surfside,7/13/2005,20,34,2000,45,0,3.93,0.41,1,0.24,0.24,0.25,0.29,0.92,0.92,0.92,0.01,0,0.01,0.04,5.22,SW,10.18,SW
654,WAC-031A,surfside,7/31/2005,836,27,4200,1,2,4.79,0.17,8,0.07,0.07,0.07,0.07,0.07,0.07,0.07,0,0,0,0,3.22,NE,3.98,SE
655,WAC-031A,surfside,8/1/2005,6867,31.5,2000,225,2,4.78,0.11,0,0.73,0.8,0.8,0.8,0.8,0.8,0.8,0,0.07,0,0,4.07,NE,3.22,NE
656,WAC-031A,surfside,8/8/2005,7270,29.7,4200,45,22,4.57,0.11,0,1.91,2.12,2.12,2.12,2.12,2.12,2.12,0.02,0.21,0,0,5.22,NE,9.47,E
657,WAC-031A,surfside,8/18/2005,137,32.5,4300,225,1,7.12,0.98,6,0.25,0.25,0.25,0.25,0.25,0.25,0.25,0,0,0,0,1.98,E,0.42,NW
658,WAC-031A,surfside,8/24/2005,52,33.9,2100,45,1,6.03,0.7,4,0.82,0.82,0.82,0.82,0.82,0.83,1.08,0.01,0,0,0,7.27,NE,1.13,S
659,WAC-031A,surfside,8/25/2005,3654,25,2200,180,2,5.55,0.6,0,4.39,5.21,5.21,5.21,5.21,5.21,5.22,0.01,0.82,0,0,9.54,NE,7.27,NE
660,WAC-031A,surfside,9/15/2005,909,6,4300,1,0,6.41,0.92,0,1.66,3.53,4.02,4.02,4.02,4.02,4.02,0,1.87,0.49,0,3.79,NW,12.15,NW
661,WAC-031A,surfside,10/9/2005,52,33.4,2100,45,2,4.87,0.38,0,0.51,3.18,6.19,7,7.01,7.01,7.01,0,2.67,3.01,0.81,3.04,NE,7.36,SW
662,WAC-031A,surfside,5/16/2006,10,33.7,4200,45,1,5.44,0.87,0,0.1,0.8,0.8,0.8,0.8,0.8,0.8,0,0.7,0,0,4.5,SW,10.45,SW
663,WAC-031A,surfside,5/21/2006,41,33.1,2000,45,1,5.27,0.35,0,0.35,0.39,0.56,0.56,0.57,0.67,1.37,0,0.04,0.17,0,6.74,W,8.81,SW
664,WAC-031A,surfside,5/28/2006,388,4,4200,180,1,6.3,0.03,0,0.18,0.56,0.56,0.56,0.56,0.56,0.57,0,0.38,0,0,3.12,E,1.45,W
665,WAC-031A,surfside,6/4/2006,20,29.6,4300,1,0,3.54,0.57,6,0.71,0.71,0.71,0.71,0.71,0.71,0.71,0,0,0,0,6.46,S,2.31,SW
666,WAC-031A,surfside,6/6/2006,10,34,4200,1,0,4.09,0.75,0,0.3,0.31,1.02,1.02,1.02,1.02,1.02,0.01,0.01,0.71,0,4.44,N,4.23,N
667,WAC-031A,surfside,6/9/2006,233,23,4200,1,0,5.37,0.95,0,0.71,0.72,0.73,1.03,1.04,1.75,1.75,0.01,0.01,0.01,0.3,5.77,SW,9.82,SW
668,WAC-031A,surfside,6/15/2006,10,33.5,2100,225,2,5.91,0.81,0,0.21,0.63,0.99,0.99,0.99,1,1.71,0,0.42,0.36,0,1.9,SE,6.3,SW
669,WAC-031A,surfside,6/28/2006,10,33.6,4300,45,0,4.97,0.09,0,0.93,1.05,1.6,1.6,1.6,1.6,1.61,0.01,0.12,0.55,0,4.47,S,7.15,S
670,WAC-031A,surfside,7/7/2006,63,35,4200,180,2,4.95,0.86,6,0.82,0.82,0.82,0.82,0.82,0.82,0.82,0,0,0,0,6.78,NE,4.07,NE
671,WAC-031A,surfside,7/13/2006,10,35.1,2200,45,0,6.65,0.91,4,0.03,0.03,0.03,0.03,0.03,0.04,0.86,0,0,0,0,14.17,SW,10.76,SW
672,WAC-031A,surfside,7/17/2006,10,34.5,2000,1,0,5.89,0.51,0,0.01,0.61,0.61,0.61,0.64,0.64,0.64,0,0.6,0,0,2.64,SE,2.81,NE
673,WAC-031A,surfside,7/24/2006,20,34.2,4300,1,1,5.57,0,6,1,1,1,1,1,1,1,0.01,0,0,0,2.77,SE,6.03,SW
674,WAC-031A,surfside,7/26/2006,10,34,4200,135,1,5.28,0.02,0,0.19,2.04,3.04,3.04,3.04,3.04,3.04,0.01,1.85,1,0,3.84,S,3.99,SW
675,WAC-031A,surfside,7/27/2006,10,35,4300,0,1,4.95,0.06,0,0.23,0.42,2.27,3.27,3.27,3.27,3.27,0,0.19,1.85,1,8.62,SW,3.84,S
676,WAC-032,surfside,5/16/2005,10,34.4,2000,1,2,3.46,0.53,8,0.2,0.2,0.2,0.2,0.2,0.2,0.2,0,0,0,0,1.78,SE,8.1,SW
677,WAC-032,surfside,5/25/2005,52,33,4200,180,2,6.65,0.95,2,0.61,0.61,0.61,0.62,0.9,0.9,0.9,0.02,0,0,0.01,2.94,N,0.35,N
678,WAC-032,surfside,5/31/2005,306,32.5,2000,225,2,5.31,0.37,5,0.73,0.73,0.73,0.73,0.73,0.73,1.34,0,0,0,0,8.57,NE,5.35,NE
679,WAC-032,surfside,6/2/2005,41,32,4200,1,2,5.72,0.18,0,0.89,0.96,1.69,1.69,1.69,1.69,1.69,0,0.07,0.73,0,2.92,SE,11.02,E
680,WAC-032,surfside,6/3/2005,10,34.2,2100,1,22,5.87,0.1,0,0.34,1.23,1.3,2.03,2.03,2.03,2.03,0,0.89,0.07,0.73,4.7,S,2.92,SE
681,WAC-032,surfside,6/26/2005,85,32,2100,1,2,6.21,0.73,15,0.64,0.64,0.64,0.64,0.64,0.64,0.64,0,0,0,0,4.55,SE,9.27,NE
682,WAC-032,surfside,6/27/2005,10,33,2200,1,1,5.96,0.62,0,0.01,0.65,0.65,0.65,0.65,0.65,0.65,0,0.64,0,0,6.61,S,4.55,SE
683,WAC-032,surfside,6/30/2005,20,33.5,4200,1,1,5.46,0.3,0,0.95,1.15,1.15,1.16,1.8,1.8,1.8,0.01,0.2,0,0.01,5.72,S,2.47,SW
684,WAC-032,surfside,7/4/2005,86,30,4200,180,22,5.35,0.03,0,0.45,0.57,0.57,0.91,1.86,2.06,2.06,0,0.12,0,0.34,4.23,SE,5.5,E
685,WAC-032,surfside,7/13/2005,10,33.9,2000,45,0,3.93,0.41,1,0.24,0.24,0.25,0.29,0.92,0.92,0.92,0.01,0,0.01,0.04,5.22,SW,10.18,SW
686,WAC-032,surfside,7/31/2005,31,35,4200,1,2,4.79,0.17,8,0.07,0.07,0.07,0.07,0.07,0.07,0.07,0,0,0,0,3.22,NE,3.98,SE
687,WAC-032,surfside,8/1/2005,410,34.3,2000,225,2,4.78,0.11,0,0.73,0.8,0.8,0.8,0.8,0.8,0.8,0,0.07,0,0,4.07,NE,3.22,NE
688,WAC-032,surfside,8/8/2005,801,33.3,4200,45,22,4.57,0.11,0,1.91,2.12,2.12,2.12,2.12,2.12,2.12,0.02,0.21,0,0,5.22,NE,9.47,E
689,WAC-032,surfside,8/18/2005,41,33.2,4300,225,1,7.12,0.98,6,0.25,0.25,0.25,0.25,0.25,0.25,0.25,0,0,0,0,1.98,E,0.42,NW
690,WAC-032,surfside,8/24/2005,118,33.9,2100,45,1,6.03,0.7,4,0.82,0.82,0.82,0.82,0.82,0.83,1.08,0.01,0,0,0,7.27,NE,1.13,S
691,WAC-032,surfside,8/25/2005,2359,31,2200,180,2,5.55,0.6,0,4.39,5.21,5.21,5.21,5.21,5.21,5.22,0.01,0.82,0,0,9.54,NE,7.27,NE
692,WAC-032,surfside,9/15/2005,10,33,4300,1,0,6.41,0.92,0,1.66,3.53,4.02,4.02,4.02,4.02,4.02,0,1.87,0.49,0,3.79,NW,12.15,NW
693,WAC-032,surfside,10/9/2005,30,33.3,2100,45,2,4.87,0.38,0,0.51,3.18,6.19,7,7.01,7.01,7.01,0,2.67,3.01,0.81,3.04,NE,7.36,SW
694,WAC-032,surfside,5/16/2006,10,33.3,4200,45,1,5.44,0.87,0,0.1,0.8,0.8,0.8,0.8,0.8,0.8,0,0.7,0,0,4.5,SW,10.45,SW
695,WAC-032,surfside,5/21/2006,10,33.3,2000,45,1,5.27,0.35,0,0.35,0.39,0.56,0.56,0.57,0.67,1.37,0,0.04,0.17,0,6.74,W,8.81,SW
696,WAC-032,surfside,5/28/2006,10,33,4200,180,1,6.3,0.03,0,0.18,0.56,0.56,0.56,0.56,0.56,0.57,0,0.38,0,0,3.12,E,1.45,W
697,WAC-032,surfside,6/4/2006,10,33.5,4300,1,0,3.54,0.57,6,0.71,0.71,0.71,0.71,0.71,0.71,0.71,0,0,0,0,6.46,S,2.31,SW
698,WAC-032,surfside,6/6/2006,86,34,4200,1,0,4.09,0.75,0,0.3,0.31,1.02,1.02,1.02,1.02,1.02,0.01,0.01,0.71,0,4.44,N,4.23,N
699,WAC-032,surfside,6/9/2006,20,34,4200,1,0,5.37,0.95,0,0.71,0.72,0.73,1.03,1.04,1.75,1.75,0.01,0.01,0.01,0.3,5.77,SW,9.82,SW
700,WAC-032,surfside,6/15/2006,10,34,2100,225,2,5.91,0.81,0,0.21,0.63,0.99,0.99,0.99,1,1.71,0,0.42,0.36,0,1.9,SE,6.3,SW
701,WAC-032,surfside,6/28/2006,20,33.8,4300,45,0,4.97,0.09,0,0.93,1.05,1.6,1.6,1.6,1.6,1.61,0.01,0.12,0.55,0,4.47,S,7.15,S
702,WAC-032,surfside,7/7/2006,64,34.7,4200,180,2,4.95,0.86,6,0.82,0.82,0.82,0.82,0.82,0.82,0.82,0,0,0,0,6.78,NE,4.07,NE
703,WAC-032,surfside,7/13/2006,20,35.2,2200,45,0,6.65,0.91,4,0.03,0.03,0.03,0.03,0.03,0.04,0.86,0,0,0,0,14.17,SW,10.76,SW
704,WAC-032,surfside,7/17/2006,10,34.9,2000,1,0,5.89,0.51,0,0.01,0.61,0.61,0.61,0.64,0.64,0.64,0,0.6,0,0,2.64,SE,2.81,NE
705,WAC-032,surfside,7/24/2006,52,34.4,4300,1,1,5.57,0,6,1,1,1,1,1,1,1,0.01,0,0,0,2.77,SE,6.03,SW
706,WAC-032,surfside,7/26/2006,10,35,4200,135,1,5.28,0.02,0,0.19,2.04,3.04,3.04,3.04,3.04,3.04,0.01,1.85,1,0,3.84,S,3.99,SW
707,WAC-033,gardcty,6/30/2005,192,32.5,4200,1,1,5.46,0.3,0,0.32,0.71,-1,-1,-1,-1,-1,0,0.39,-1,-1,5.72,S,2.47,SW
708,WAC-033,gardcty,7/1/2005,10,33.4,2100,45,0,5.43,0.21,0,0.01,0.33,0.72,-1,-1,-1,-1,0,0.32,0.39,-1,8.09,SW,5.72,S
709,WAC-033,gardcty,7/4/2005,10,33,4200,180,22,5.35,0.03,0,0.49,0.57,0.57,0.58,0.9,1.29,-1,0,0.08,0,0.01,4.23,SE,5.5,E
710,WAC-033,gardcty,7/13/2005,10,34,2000,45,0,3.93,0.41,2,0.4,0.4,0.4,0.53,0.96,0.96,0.96,0.01,0,0,0.13,5.22,SW,10.18,SW
711,WAC-033,gardcty,7/31/2005,703,34,4200,1,2,4.79,0.17,13,0.05,0.05,0.05,0.05,0.05,0.05,0.05,0,0,0,0,3.22,NE,3.98,SE
712,WAC-033,gardcty,8/1/2005,10,34.7,4300,225,2,4.78,0.11,0,1.1,1.15,1.15,1.15,1.15,1.15,1.15,0,0.05,0,0,4.07,NE,3.22,NE
713,WAC-033,gardcty,8/8/2005,5475,29.6,4200,45,22,4.57,0.11,0,0.38,0.69,0.69,0.69,0.69,0.69,0.69,0,0.31,0,0,5.22,NE,9.47,E
714,WAC-033,gardcty,8/10/2005,41,33.7,2200,1,1,4.23,0.26,0,0.05,1.14,1.52,1.83,1.83,1.83,1.83,0,1.09,0.38,0.31,2.17,S,3.1,S
715,WAC-033,gardcty,8/18/2005,20,33,4300,225,1,7.12,0.98,6,0.17,0.17,0.17,0.17,0.17,0.17,0.17,0,0,0,0,1.98,E,0.42,NW
716,WAC-033,gardcty,8/24/2005,63,34.1,2100,45,1,6.03,0.7,1,1.02,1.02,1.22,1.22,1.65,1.65,1.82,0.01,0,0.2,0,7.27,NE,1.13,S
717,WAC-033,gardcty,8/25/2005,3873,23,2200,180,2,5.55,0.6,0,1.59,2.61,2.61,2.81,2.81,3.24,3.24,0.01,1.02,0,0.2,9.54,NE,7.27,NE
718,WAC-033,gardcty,9/15/2005,404,3,4300,1,0,6.41,0.92,0,1.72,3.81,4.31,4.31,4.31,4.31,4.31,0,2.09,0.5,0,3.79,NW,12.15,NW
719,WAC-033,gardcty,9/27/2005,10,33.3,2000,1,2,3.82,0.28,7,0.01,0.01,0.01,0.01,0.01,0.01,0.01,0,0,0,0,4.12,NE,9.06,SW
720,WAC-033,gardcty,10/9/2005,40,33.2,2100,45,2,4.87,0.38,0,0.44,2.55,6.05,6.72,6.72,6.72,6.72,0,2.11,3.5,0.67,3.04,NE,7.36,SW
721,WAC-033,gardcty,10/10/2005,20,32.8,2100,225,2,4.81,0.49,0,0.02,0.46,2.57,6.07,6.74,6.74,6.74,0,0.44,2.11,3.5,7.57,NE,3.04,NE
722,WAC-033,gardcty,5/16/2006,10,31.9,4200,45,1,5.44,0.87,0,0.1,1,1,1,1,1,1,0,0.9,0,0,4.5,SW,10.45,SW
723,WAC-033,gardcty,5/21/2006,10,33.4,2000,45,1,5.27,0.35,0,0.49,0.56,0.65,0.65,0.65,0.75,1.65,0,0.07,0.09,0,6.74,W,8.81,SW
724,WAC-033,gardcty,5/28/2006,41,32,4100,180,1,6.3,0.03,0,0.02,1.06,1.06,1.06,1.06,1.06,1.06,0,1.04,0,0,3.12,E,1.45,W
725,WAC-033,gardcty,6/4/2006,10,33.6,4300,1,0,3.54,0.57,6,0.83,0.83,0.83,0.83,0.83,0.83,0.83,0,0,0,0,6.46,S,2.31,SW
726,WAC-033,gardcty,6/6/2006,31,34,4200,1,0,4.09,0.75,1,0.1,0.1,0.93,0.93,0.93,0.93,0.93,0,0,0.83,0,4.44,N,4.23,N
727,WAC-033,gardcty,6/9/2006,10,34,4200,1,0,5.37,0.95,1,0.3,0.3,0.32,0.42,0.42,1.25,1.25,0,0,0.02,0.1,5.77,SW,9.82,SW
728,WAC-033,gardcty,6/15/2006,10,33.4,2100,225,2,5.91,0.81,0,0.22,0.68,1.02,1.02,1.02,1.07,1.37,0,0.46,0.34,0,1.9,SE,6.3,SW
729,WAC-033,gardcty,6/28/2006,10,33.9,4200,45,0,4.97,0.09,1,0.59,0.59,0.82,0.82,0.82,0.82,0.83,0.01,0,0.23,0,4.47,S,7.15,S
730,WAC-033,gardcty,7/7/2006,51,35,4200,180,2,4.95,0.86,6,0.35,0.35,0.35,0.35,0.35,0.35,0.35,0,0,0,0,6.78,NE,4.07,NE
731,WAC-033,gardcty,7/13/2006,10,35.1,2200,45,0,6.65,0.91,5,0.04,0.04,0.04,0.04,0.04,0.04,0.39,0,0,0,0,14.17,SW,10.76,SW
732,WAC-033,gardcty,7/26/2006,10,35,4200,135,1,5.28,0.02,0,0.14,2.91,2.91,2.91,2.91,2.91,2.91,0,2.77,0,0,3.84,S,3.99,SW
733,WAC-034,gardcty,6/30/2005,10,33.5,4200,1,1,5.46,0.3,0,0.32,0.71,-1,-1,-1,-1,-1,0,0.39,-1,-1,5.72,S,2.47,SW
734,WAC-034,gardcty,7/4/2005,10,35,4200,180,22,5.35,0.03,0,0.49,0.57,0.57,0.58,0.9,1.29,-1,0,0.08,0,0.01,4.23,SE,5.5,E
735,WAC-034,gardcty,7/13/2005,31,34,2000,45,0,3.93,0.41,2,0.4,0.4,0.4,0.53,0.96,0.96,0.96,0.01,0,0,0.13,5.22,SW,10.18,SW
736,WAC-034,gardcty,7/31/2005,10,35,4200,1,2,4.79,0.17,13,0.05,0.05,0.05,0.05,0.05,0.05,0.05,0,0,0,0,3.22,NE,3.98,SE
737,WAC-034,gardcty,8/1/2005,10,34.6,4300,225,2,4.78,0.11,0,1.1,1.15,1.15,1.15,1.15,1.15,1.15,0,0.05,0,0,4.07,NE,3.22,NE
738,WAC-034,gardcty,8/8/2005,124,33.2,4200,45,22,4.57,0.11,0,0.38,0.69,0.69,0.69,0.69,0.69,0.69,0,0.31,0,0,5.22,NE,9.47,E
739,WAC-034,gardcty,8/18/2005,20,33.2,4300,225,1,7.12,0.98,6,0.17,0.17,0.17,0.17,0.17,0.17,0.17,0,0,0,0,1.98,E,0.42,NW
740,WAC-034,gardcty,8/24/2005,41,33.9,2100,45,1,6.03,0.7,1,1.02,1.02,1.22,1.22,1.65,1.65,1.82,0.01,0,0.2,0,7.27,NE,1.13,S
741,WAC-034,gardcty,8/25/2005,1334,33,2200,180,2,5.55,0.6,0,1.59,2.61,2.61,2.81,2.81,3.24,3.24,0.01,1.02,0,0.2,9.54,NE,7.27,NE
742,WAC-034,gardcty,9/15/2005,30,34,4300,1,0,6.41,0.92,0,1.72,3.81,4.31,4.31,4.31,4.31,4.31,0,2.09,0.5,0,3.79,NW,12.15,NW
743,WAC-034,gardcty,9/27/2005,10,33.8,4300,1,2,3.82,0.28,7,0.01,0.01,0.01,0.01,0.01,0.01,0.01,0,0,0,0,4.12,NE,9.06,SW
744,WAC-034,gardcty,10/9/2005,20,33.6,2100,45,2,4.87,0.38,0,0.44,2.55,6.05,6.72,6.72,6.72,6.72,0,2.11,3.5,0.67,3.04,NE,7.36,SW
745,WAC-034,gardcty,10/10/2005,20,33.3,2100,225,2,4.81,0.49,0,0.02,0.46,2.57,6.07,6.74,6.74,6.74,0,0.44,2.11,3.5,7.57,NE,3.04,NE
746,WAC-034,gardcty,5/16/2006,10,33.2,4200,45,1,5.44,0.87,0,0.1,1,1,1,1,1,1,0,0.9,0,0,4.5,SW,10.45,SW
747,WAC-034,gardcty,5/21/2006,10,33.4,2000,45,1,5.27,0.35,0,0.49,0.56,0.65,0.65,0.65,0.75,1.65,0,0.07,0.09,0,6.74,W,8.81,SW
748,WAC-034,gardcty,5/28/2006,10,34,4100,180,1,6.3,0.03,0,0.02,1.06,1.06,1.06,1.06,1.06,1.06,0,1.04,0,0,3.12,E,1.45,W
749,WAC-034,gardcty,6/4/2006,10,32.9,4300,1,0,3.54,0.57,6,0.83,0.83,0.83,0.83,0.83,0.83,0.83,0,0,0,0,6.46,S,2.31,SW
750,WAC-034,gardcty,6/6/2006,10,34,4200,1,0,4.09,0.75,1,0.1,0.1,0.93,0.93,0.93,0.93,0.93,0,0,0.83,0,4.44,N,4.23,N
751,WAC-034,gardcty,6/9/2006,10,34,4200,1,0,5.37,0.95,1,0.3,0.3,0.32,0.42,0.42,1.25,1.25,0,0,0.02,0.1,5.77,SW,9.82,SW
752,WAC-034,gardcty,6/15/2006,10,34,2000,225,2,5.91,0.81,0,0.22,0.68,1.02,1.02,1.02,1.07,1.37,0,0.46,0.34,0,1.9,SE,6.3,SW
753,WAC-034,gardcty,6/28/2006,10,33.8,4200,45,0,4.97,0.09,1,0.59,0.59,0.82,0.82,0.82,0.82,0.83,0.01,0,0.23,0,4.47,S,7.15,S
754,WAC-034,gardcty,7/7/2006,10,34.9,4200,180,2,4.95,0.86,6,0.35,0.35,0.35,0.35,0.35,0.35,0.35,0,0,0,0,6.78,NE,4.07,NE
755,WAC-034,gardcty,7/13/2006,10,35.1,2100,45,0,6.65,0.91,5,0.04,0.04,0.04,0.04,0.04,0.04,0.39,0,0,0,0,14.17,SW,10.76,SW
756,WAC-034,gardcty,7/26/2006,10,35,4200,135,1,5.28,0.02,0,0.14,2.91,2.91,2.91,2.91,2.91,2.91,0,2.77,0,0,3.84,S,3.99,SW
757,WAC-035,gardcty,6/30/2005,64,33.5,4200,1,1,5.46,0.3,0,0.32,0.71,-1,-1,-1,-1,-1,0,0.39,-1,-1,5.72,S,2.47,SW
758,WAC-035,gardcty,7/4/2005,30,34,4200,180,22,5.35,0.03,0,0.49,0.57,0.57,0.58,0.9,1.29,-1,0,0.08,0,0.01,4.23,SE,5.5,E
759,WAC-035,gardcty,7/13/2005,20,34,2000,45,0,3.93,0.41,2,0.4,0.4,0.4,0.53,0.96,0.96,0.96,0.01,0,0,0.13,5.22,SW,10.18,SW
760,WAC-035,gardcty,7/31/2005,171,35,4200,1,2,4.79,0.17,13,0.05,0.05,0.05,0.05,0.05,0.05,0.05,0,0,0,0,3.22,NE,3.98,SE
761,WAC-035,gardcty,8/1/2005,10,34.6,4300,225,2,4.78,0.11,0,1.1,1.15,1.15,1.15,1.15,1.15,1.15,0,0.05,0,0,4.07,NE,3.22,NE
762,WAC-035,gardcty,8/8/2005,369,33.3,4200,45,22,4.57,0.11,0,0.38,0.69,0.69,0.69,0.69,0.69,0.69,0,0.31,0,0,5.22,NE,9.47,E
763,WAC-035,gardcty,8/18/2005,10,33.3,4300,225,1,7.12,0.98,6,0.17,0.17,0.17,0.17,0.17,0.17,0.17,0,0,0,0,1.98,E,0.42,NW
764,WAC-035,gardcty,8/24/2005,20,34,2100,45,1,6.03,0.7,1,1.02,1.02,1.22,1.22,1.65,1.65,1.82,0.01,0,0.2,0,7.27,NE,1.13,S
765,WAC-035,gardcty,8/25/2005,1414,28,2200,180,2,5.55,0.6,0,1.59,2.61,2.61,2.81,2.81,3.24,3.24,0.01,1.02,0,0.2,9.54,NE,7.27,NE
766,WAC-035,gardcty,8/26/2005,359,24,2200,1,2,5.05,0.49,0,0.16,1.75,2.77,2.77,2.97,2.97,3.4,0,1.59,1.02,0,7.49,NE,9.54,NE
767,WAC-035,gardcty,9/15/2005,504,4,4300,1,0,6.41,0.92,0,1.72,3.81,4.31,4.31,4.31,4.31,4.31,0,2.09,0.5,0,3.79,NW,12.15,NW
768,WAC-035,gardcty,9/27/2005,85,32.6,4300,1,2,3.82,0.28,7,0.01,0.01,0.01,0.01,0.01,0.01,0.01,0,0,0,0,4.12,NE,9.06,SW
769,WAC-035,gardcty,10/9/2005,596,31.4,2000,45,2,4.87,0.38,0,0.44,2.55,6.05,6.72,6.72,6.72,6.72,0,2.11,3.5,0.67,3.04,NE,7.36,SW
770,WAC-035,gardcty,5/16/2006,10,32.9,4200,45,1,5.44,0.87,0,0.1,1,1,1,1,1,1,0,0.9,0,0,4.5,SW,10.45,SW
771,WAC-035,gardcty,5/21/2006,10,33.3,2100,45,1,5.27,0.35,0,0.49,0.56,0.65,0.65,0.65,0.75,1.65,0,0.07,0.09,0,6.74,W,8.81,SW
772,WAC-035,gardcty,5/28/2006,119,34,4100,180,1,6.3,0.03,0,0.02,1.06,1.06,1.06,1.06,1.06,1.06,0,1.04,0,0,3.12,E,1.45,W
773,WAC-035,gardcty,6/4/2006,10,33.6,4300,1,0,3.54,0.57,6,0.83,0.83,0.83,0.83,0.83,0.83,0.83,0,0,0,0,6.46,S,2.31,SW
774,WAC-035,gardcty,6/6/2006,10,34,4200,1,0,4.09,0.75,1,0.1,0.1,0.93,0.93,0.93,0.93,0.93,0,0,0.83,0,4.44,N,4.23,N
775,WAC-035,gardcty,6/9/2006,10,34,4200,1,0,5.37,0.95,1,0.3,0.3,0.32,0.42,0.42,1.25,1.25,0,0,0.02,0.1,5.77,SW,9.82,SW
776,WAC-035,gardcty,6/15/2006,10,33.6,2000,225,2,5.91,0.81,0,0.22,0.68,1.02,1.02,1.02,1.07,1.37,0,0.46,0.34,0,1.9,SE,6.3,SW
777,WAC-035,gardcty,6/28/2006,10,33.7,4200,45,0,4.97,0.09,1,0.59,0.59,0.82,0.82,0.82,0.82,0.83,0.01,0,0.23,0,4.47,S,7.15,S
778,WAC-035,gardcty,7/7/2006,41,35,4200,180,2,4.95,0.86,6,0.35,0.35,0.35,0.35,0.35,0.35,0.35,0,0,0,0,6.78,NE,4.07,NE
779,WAC-035,gardcty,7/13/2006,10,35.1,2100,45,0,6.65,0.91,5,0.04,0.04,0.04,0.04,0.04,0.04,0.39,0,0,0,0,14.17,SW,10.76,SW
780,WAC-035,gardcty,7/13/2006,10,35.1,2100,45,0,6.65,0.91,5,0.04,0.04,0.04,0.04,0.04,0.04,0.39,0,0,0,0,14.17,SW,10.76,SW
781,WAC-035,gardcty,7/26/2006,10,35,4200,135,1,5.28,0.02,0,0.14,2.91,2.91,2.91,2.91,2.91,2.91,0,2.77,0,0,3.84,S,3.99,SW
